itemName,symbol,category,tierOrRole,priceGold,acquisitionSources,vendorIdentity,areaOrLocation,campaignMode,chapterOrProgressionGate,expectedCharacterLevel,quantityOrStock,restockBehavior,compatibilityInjectionPath,duplicateInjectionProtection,comparableVanillaInventory,sourceEvidence,anomalyOrConcern,confidence
Pistol,KMG.Firearms.EarlyPistolItem,Firearm (mundane),Basic,1000,Vendor (capital smith); Vendor (BTSL Honest Guy),SmithVendorTable 7de959347266092448d8a72089ef9778; BTSL Honest Guy a6bae621a7bd96b4fb3c1511cd2f9fac/45f027c06962df249b8c014a4b4e95e3,Capital; Tenebrous Depths (BTSL),Campaign; BTSL,not provable,not provable,1 per table (fixed),fixed stock can deplete; native regeneration not guaranteed,LootItemsPackFixed append + idempotent normalization,owned-set cleanup + exact-count validation,vanilla smith carries native weapons,src/KingmakerGunslinger/Blueprints/CapitalVendorBlueprints.cs:49-76; src/KingmakerGunslinger/Blueprints/BeneathStolenLandsVendorBlueprints.cs:59-71,two permanent vendor surfaces incl. the late rogue-like mode,high
Musket,KMG.Firearms.EarlyMusketItem,Firearm (mundane),Basic,1500,Vendor (capital smith); Vendor (BTSL Honest Guy),SmithVendorTable 7de959347266092448d8a72089ef9778; BTSL Honest Guy a6bae621a7bd96b4fb3c1511cd2f9fac/45f027c06962df249b8c014a4b4e95e3,Capital; Tenebrous Depths (BTSL),Campaign; BTSL,not provable,not provable,1 per table (fixed),fixed stock can deplete; native regeneration not guaranteed,LootItemsPackFixed append + idempotent normalization,owned-set cleanup + exact-count validation,vanilla smith carries native weapons,src/KingmakerGunslinger/Blueprints/CapitalVendorBlueprints.cs:49-76; src/KingmakerGunslinger/Blueprints/BeneathStolenLandsVendorBlueprints.cs:59-71,two permanent vendor surfaces incl. the late rogue-like mode,high
Blunderbuss,KMG.Firearms.EarlyBlunderbussItem,Firearm (mundane),Basic,2000,Vendor (capital smith); Vendor (BTSL Honest Guy),SmithVendorTable 7de959347266092448d8a72089ef9778; BTSL Honest Guy a6bae621a7bd96b4fb3c1511cd2f9fac/45f027c06962df249b8c014a4b4e95e3,Capital; Tenebrous Depths (BTSL),Campaign; BTSL,not provable,not provable,1 per table (fixed),fixed stock can deplete; native regeneration not guaranteed,LootItemsPackFixed append + idempotent normalization,owned-set cleanup + exact-count validation,vanilla smith carries native weapons,src/KingmakerGunslinger/Blueprints/CapitalVendorBlueprints.cs:49-76; src/KingmakerGunslinger/Blueprints/BeneathStolenLandsVendorBlueprints.cs:59-71,two permanent vendor surfaces incl. the late rogue-like mode,high
Advanced Rifle,KMG.Firearms.AdvancedRifleItem,Firearm (mundane),Basic,not stocked,"NONE (compatibility-only, unpublished)",none,none,none,n/a,n/a,0,n/a,"registered, never published (unavailable restriction)",n/a,n/a,src/KingmakerGunslinger/Blueprints/ProductionFirearmBlueprints.cs:245-248,intentional: no acquisition path (compatibility only),high
Advanced Revolver,KMG.Firearms.AdvancedRevolverItem,Firearm (mundane),Basic,not stocked,"NONE (compatibility-only, unpublished)",none,none,none,n/a,n/a,0,n/a,"registered, never published (unavailable restriction)",n/a,n/a,src/KingmakerGunslinger/Blueprints/ProductionFirearmBlueprints.cs:245-248,intentional: no acquisition path (compatibility only),high
Pistol +1,KMG.Firearms.PistolPlus1Item,Firearm (magic),+1 (equiv 1),3300,Vendor (capital smith); Vendor (BTSL Honest Guy); Better Vendors Military I,SmithVendorTable; BTSL Honest Guy tables; BV smith progression,Capital; Tenebrous Depths; Better Vendors smith,Campaign; BTSL; BV,BV: kingdom Military rank I; vendor rows not provably gated,BV tier ~rank I era,vendor 1; BV 5 per stock call,BV restocks per native schedule,fixed-row append; BV grant planner + write-ahead ledger,BV exact-binary contract + ledger claim release,+1 weapons appear in vanilla magic stock,src/KingmakerGunslinger/Blueprints/CapitalVendorBlueprints.cs:49-76; src/KingmakerGunslinger/Blueprints/BeneathStolenLandsVendorBlueprints.cs:59-71; docs/better-vendors-progression-catalog.json,+1 firearms on two fixed vendor surfaces from first availability,high
Musket +1,KMG.Firearms.MusketPlus1Item,Firearm (magic),+1 (equiv 1),3800,Vendor (capital smith); Vendor (BTSL Honest Guy); Better Vendors Military I,SmithVendorTable; BTSL Honest Guy tables; BV smith progression,Capital; Tenebrous Depths; Better Vendors smith,Campaign; BTSL; BV,BV: kingdom Military rank I; vendor rows not provably gated,BV tier ~rank I era,vendor 1; BV 5 per stock call,BV restocks per native schedule,fixed-row append; BV grant planner + write-ahead ledger,BV exact-binary contract + ledger claim release,+1 weapons appear in vanilla magic stock,src/KingmakerGunslinger/Blueprints/CapitalVendorBlueprints.cs:49-76; src/KingmakerGunslinger/Blueprints/BeneathStolenLandsVendorBlueprints.cs:59-71; docs/better-vendors-progression-catalog.json,+1 firearms on two fixed vendor surfaces from first availability,high
Blunderbuss +1,KMG.Firearms.BlunderbussPlus1Item,Firearm (magic),+1 (equiv 1),4300,Vendor (capital smith); Vendor (BTSL Honest Guy); Better Vendors Military I,SmithVendorTable; BTSL Honest Guy tables; BV smith progression,Capital; Tenebrous Depths; Better Vendors smith,Campaign; BTSL; BV,BV: kingdom Military rank I; vendor rows not provably gated,BV tier ~rank I era,vendor 1; BV 5 per stock call,BV restocks per native schedule,fixed-row append; BV grant planner + write-ahead ledger,BV exact-binary contract + ledger claim release,+1 weapons appear in vanilla magic stock,src/KingmakerGunslinger/Blueprints/CapitalVendorBlueprints.cs:49-76; src/KingmakerGunslinger/Blueprints/BeneathStolenLandsVendorBlueprints.cs:59-71; docs/better-vendors-progression-catalog.json,+1 firearms on two fixed vendor surfaces from first availability,high
Duelist's Rebuttal,KMG.Firearms.DuelistsRebuttalItem,Firearm (unique),+2 reliable,19300,Fixed campaign loot,n/a,VarnholdStockade,Campaign,area availability (chapter-defining areas; exact chapter not encoded),not provable (late-game areas),1 (fixed loot),n/a,container LootItemsPackFixed append with cleanup of retired targets,mutation rollback + exact target validation,unique weapons in comparable vanilla containers,src/KingmakerGunslinger/Blueprints/RareFirearmCampaignLootBlueprints.cs:13-33,,high
The River King's Measure,KMG.Firearms.RiverKingsMeasureItem,Firearm (unique),+4 reliable,51800,Fixed campaign loot,n/a,IrovettiPalace,Campaign,area availability (chapter-defining areas; exact chapter not encoded),not provable (late-game areas),1 (fixed loot),n/a,container LootItemsPackFixed append with cleanup of retired targets,mutation rollback + exact target validation,unique weapons in comparable vanilla containers,src/KingmakerGunslinger/Blueprints/RareFirearmCampaignLootBlueprints.cs:13-33,,high
Irovetti's Ovation,KMG.Firearms.IrovettisOvationItem,Firearm (unique),+4 reliable,52300,Fixed campaign loot,n/a,IrovettiPalace,Campaign,area availability (chapter-defining areas; exact chapter not encoded),not provable (late-game areas),1 (fixed loot),n/a,container LootItemsPackFixed append with cleanup of retired targets,mutation rollback + exact target validation,unique weapons in comparable vanilla containers,src/KingmakerGunslinger/Blueprints/RareFirearmCampaignLootBlueprints.cs:13-33,,high
The Last Word,KMG.Firearms.TheLastWordItem,Firearm (unique),+5 reliable+seeking,99300,Fixed campaign loot,n/a,FinalDungeon3,Campaign,area availability (chapter-defining areas; exact chapter not encoded),not provable (late-game areas),1 (fixed loot),n/a,container LootItemsPackFixed append with cleanup of retired targets,mutation rollback + exact target validation,unique weapons in comparable vanilla containers,src/KingmakerGunslinger/Blueprints/RareFirearmCampaignLootBlueprints.cs:13-33,,high
Watch at the World's End,KMG.Firearms.WatchAtTheWorldsEndItem,Firearm (unique),+5 reliable+fey bane,99800,Fixed campaign loot,n/a,HouseAtTheEdgeOfTime,Campaign,area availability (chapter-defining areas; exact chapter not encoded),not provable (late-game areas),1 (fixed loot),n/a,container LootItemsPackFixed append with cleanup of retired targets,mutation rollback + exact target validation,unique weapons in comparable vanilla containers,src/KingmakerGunslinger/Blueprints/RareFirearmCampaignLootBlueprints.cs:13-33,,high
Roadwarden,KMG.Firearms.RoadwardenItem,Firearm (magic),+3 reliable (equiv 4),33800,Vendor (Skeletal Salesman generated stock),RE_Trader b8b362de19b0a8340ad050586f1162d1 over C3/C4 vendor tables,Skeletal Salesman (random encounter),Campaign,kingdom day 491+ (C3) and 691+ (C4) variants,C3-C4 era,1 per stock generation,regenerates with each stock call,stock catalog append on native trader tables,single Append transaction + rollback,trader normally carries scrolls/consumables,src/KingmakerGunslinger/Acquisition/SkeletalSalesmanStockCatalog.cs:16-27,two firearm uniques on a consumable-themed traveling merchant,high
Dead Reckoning,KMG.Firearms.DeadReckoningItem,Firearm (magic),+3 seeking (equiv 4),33300,Vendor (Skeletal Salesman generated stock),RE_Trader over C3/C4 vendor tables,Skeletal Salesman (random encounter),Campaign,kingdom day 491+ / 691+,C3-C4 era,1 per stock generation,regenerates per stock call,stock catalog append,single Append transaction + rollback,trader normally carries scrolls/consumables,src/KingmakerGunslinger/Acquisition/SkeletalSalesmanStockCatalog.cs:16-27,see Roadwarden,high
Enhanced firearm variants +2..+5 and Reliable +1..+5 (27 rows),KMG.Firearms.*Plus2..5 / Reliable*Plus1..5,Firearm (magic),+2..+5 (equiv 2..6),see docs/better-vendors-progression-catalog.json,Better Vendors smith progression (native stock calls),Better Vendors smith vendor,n/a,Better Vendors (optional mod),"kingdom Military ranks I(+1),III(+2),V(+3),VII(+4),IX(+5); 5 copies tiers 1-3, 2 copies tiers 4-5",rank-correlated,5 or 2 per stock call,per native BV restock,BV grant planner models native fixed-row reconciliation,write-ahead ledger; claims released only on confirmed no-op,native BV +N weapon rows,docs/better-vendors-progression-catalog.json; src/KingmakerGunslinger/Acquisition/BetterVendors/BetterVendorsProgressionSchedule.cs:43-49,firearm share of BV weapon catalog is 30/50 rows (60%),high
Black Powder Charge,KMG.Test.BlackPowderItem,Ammunition,Basic,10,Vendor (capital smith); Vendor (Bokken); Vendor (BTSL Xelliren),SmithVendorTable; C11_BokkenVendorTable 4778ecb5df5d48742b9be5a204ed4657; BTSL Xelliren 08e090bb2038e3d47be56d8752d5dcaf/420f1da6c2523f64eba810b9b484f60f,Capital; Old Sycamore (Bokken); Tenebrous Depths,Campaign; BTSL,not provable,not provable,200/200/200 capital; 100/100/100 Bokken; 200/200/200 BTSL,fixed rows (bought stock depletes until table regen),fixed-row append + normalization,owned-set cleanup + exact-count,alchemist/potion vendor gains powder rows (Bokken),src/KingmakerGunslinger/Blueprints/CapitalVendorBlueprints.cs:49-76; src/KingmakerGunslinger/Blueprints/BokkenFirearmSupplyVendorBlueprints.cs:22-56; src/KingmakerGunslinger/Blueprints/BeneathStolenLandsVendorBlueprints.cs:59-71,consumable supplies on three permanent surfaces incl. an alchemist,high
Lead Ball,KMG.Test.LeadBulletItem,Ammunition,Basic,1,Vendor (capital smith); Vendor (Bokken); Vendor (BTSL Xelliren),SmithVendorTable; C11_BokkenVendorTable 4778ecb5df5d48742b9be5a204ed4657; BTSL Xelliren 08e090bb2038e3d47be56d8752d5dcaf/420f1da6c2523f64eba810b9b484f60f,Capital; Old Sycamore (Bokken); Tenebrous Depths,Campaign; BTSL,not provable,not provable,200/200/200 capital; 100/100/100 Bokken; 200/200/200 BTSL,fixed rows (bought stock depletes until table regen),fixed-row append + normalization,owned-set cleanup + exact-count,alchemist/potion vendor gains powder rows (Bokken),src/KingmakerGunslinger/Blueprints/CapitalVendorBlueprints.cs:49-76; src/KingmakerGunslinger/Blueprints/BokkenFirearmSupplyVendorBlueprints.cs:22-56; src/KingmakerGunslinger/Blueprints/BeneathStolenLandsVendorBlueprints.cs:59-71,consumable supplies on three permanent surfaces incl. an alchemist,high
Paper Cartridge,KMG.Ammunition.PaperCartridge,Ammunition,Basic,12,Vendor (capital smith); Vendor (Bokken); Vendor (BTSL Xelliren),SmithVendorTable; C11_BokkenVendorTable 4778ecb5df5d48742b9be5a204ed4657; BTSL Xelliren 08e090bb2038e3d47be56d8752d5dcaf/420f1da6c2523f64eba810b9b484f60f,Capital; Old Sycamore (Bokken); Tenebrous Depths,Campaign; BTSL,not provable,not provable,200/200/200 capital; 100/100/100 Bokken; 200/200/200 BTSL,fixed rows (bought stock depletes until table regen),fixed-row append + normalization,owned-set cleanup + exact-count,alchemist/potion vendor gains powder rows (Bokken),src/KingmakerGunslinger/Blueprints/CapitalVendorBlueprints.cs:49-76; src/KingmakerGunslinger/Blueprints/BokkenFirearmSupplyVendorBlueprints.cs:22-56; src/KingmakerGunslinger/Blueprints/BeneathStolenLandsVendorBlueprints.cs:59-71,consumable supplies on three permanent surfaces incl. an alchemist,high
Gunsmith's Kit,KMG.Gunsmithing.GunsmithKit,Tool (reusable),Maintenance,100,Vendor (capital smith); Vendor (Bokken); Vendor (BTSL Xelliren); Gunsmithing crafting source,SmithVendorTable; Bokken; BTSL Xelliren,Capital; Old Sycamore; Tenebrous Depths,Campaign; BTSL,not provable,not provable,1,fixed stock can deplete; native regeneration not guaranteed,fixed-row append,owned-set cleanup,n/a,src/KingmakerGunslinger/Blueprints/CapitalVendorBlueprints.cs:49-76; src/KingmakerGunslinger/Blueprints/BokkenFirearmSupplyVendorBlueprints.cs:22-56; src/KingmakerGunslinger/Blueprints/BeneathStolenLandsVendorBlueprints.cs:59-71,,high
Cord of Stubborn Resolve,KMG.Items.CordOfStubbornResolve,belt item (see source),Fixed campaign loot,n/a,Capital Tavern chest 9572baf3952095f41abda1fb25055cce,n/a,CapitalTavern_Indoor,Campaign,capital tavern availability (chapter not encoded),not provable,1,n/a,container append + legacy target cleanup,legacy area mutation retired,n/a,src/KingmakerGunslinger/Blueprints/CordOfStubbornResolveBlueprints.cs:16-26,,high
Firearm Repair Kit (obsolete),KMG.Test.FirearmRepairKitItem,Consumable (retired),n/a,50,removed from Oleg + capital + Bokken (cleanup only),C11_OlegVendorTable f720440559fc00949900bfa1575196ac,Oleg's trading post,Campaign,n/a,n/a,0,n/a,owned-set removal normalization,rollback + validate,n/a,src/KingmakerGunslinger/Blueprints/OlegFirearmSupplyCleanupBlueprints.cs:42-80,retired item retained only for save compatibility,high
Firearm Overhaul Kit (obsolete),KMG.Gunsmithing.OverhaulKit,Consumable (retired),n/a,100,removed from capital + Bokken (cleanup only),SmithVendorTable; Bokken,Capital; Old Sycamore,Campaign,n/a,n/a,0,n/a,owned-set removal normalization,rollback + validate,n/a,src/KingmakerGunslinger/Blueprints/CapitalVendorBlueprints.cs:49-76; src/KingmakerGunslinger/Blueprints/BokkenFirearmSupplyVendorBlueprints.cs:22-56,retired item retained only for save compatibility,high
Wakizashi (Mundane),KMG.EasternWeapons.Wakizashi.BaseItem,Melee weapon (module: Eastern Weapons),Mundane,family base cost (+300 masterwork / x2 cold iron / +1 magic premium),Vendor (Oleg early kinds); Vendor (capital smith); Vendor (Dire Narlmarches village); Vendor (Pitax town); Vendor (BTSL Honest Guy),C11_OlegVendorTable; SmithVendorTable; DireNarlmarchesVillageVendorTable; PitaxTownVendorTable; BTSL Honest Guy x2,Oleg's post; Capital; Dire Narlmarches; Pitax; Tenebrous Depths,Campaign; BTSL,Oleg stock described as Act-I (mundane/masterwork only); others not provably gated,not provable,1 per table (fixed),fixed stock can deplete; native regeneration not guaranteed,fixed-row append + normalization,owned-set cleanup + exact-count,vanilla regional smiths carry comparable native stock,src/KingmakerGunslinger/Blueprints/EasternWeaponCampaignBlueprints.cs:15-110,historical before-ledger: Oleg six early rows; capital/Dire Narlmarches/Pitax/Honest Guy twelve; quantity 1,high
Wakizashi (Masterwork),KMG.EasternWeapons.Wakizashi.MasterworkItem,Melee weapon (module: Eastern Weapons),Masterwork,family base cost (+300 masterwork / x2 cold iron / +1 magic premium),Vendor (Oleg early kinds); Vendor (capital smith); Vendor (Dire Narlmarches village); Vendor (Pitax town); Vendor (BTSL Honest Guy),C11_OlegVendorTable; SmithVendorTable; DireNarlmarchesVillageVendorTable; PitaxTownVendorTable; BTSL Honest Guy x2,Oleg's post; Capital; Dire Narlmarches; Pitax; Tenebrous Depths,Campaign; BTSL,Oleg stock described as Act-I (mundane/masterwork only); others not provably gated,not provable,1 per table (fixed),fixed stock can deplete; native regeneration not guaranteed,fixed-row append + normalization,owned-set cleanup + exact-count,vanilla regional smiths carry comparable native stock,src/KingmakerGunslinger/Blueprints/EasternWeaponCampaignBlueprints.cs:15-110,historical before-ledger: Oleg six early rows; capital/Dire Narlmarches/Pitax/Honest Guy twelve; quantity 1,high
Wakizashi (Cold Iron),KMG.EasternWeapons.Wakizashi.ColdIronItem,Melee weapon (module: Eastern Weapons),Cold Iron,family base cost (+300 masterwork / x2 cold iron / +1 magic premium),Vendor (capital smith); Vendor (Dire Narlmarches village); Vendor (Pitax town); Vendor (BTSL Honest Guy),SmithVendorTable; DireNarlmarchesVillageVendorTable; PitaxTownVendorTable; BTSL Honest Guy x2,Capital; Dire Narlmarches; Pitax; Tenebrous Depths,Campaign; BTSL,Oleg stock described as Act-I (mundane/masterwork only); others not provably gated,not provable,1 per table (fixed),fixed stock can deplete; native regeneration not guaranteed,fixed-row append + normalization,owned-set cleanup + exact-count,vanilla regional smiths carry comparable native stock,src/KingmakerGunslinger/Blueprints/EasternWeaponCampaignBlueprints.cs:15-110,historical before-ledger: Oleg six early rows; capital/Dire Narlmarches/Pitax/Honest Guy twelve; quantity 1,high
Wakizashi (+1),KMG.EasternWeapons.Wakizashi.Plus1Item,Melee weapon (module: Eastern Weapons),+1,family base cost (+300 masterwork / x2 cold iron / +1 magic premium),Vendor (capital smith); Vendor (Dire Narlmarches village); Vendor (Pitax town); Vendor (BTSL Honest Guy),SmithVendorTable; DireNarlmarchesVillageVendorTable; PitaxTownVendorTable; BTSL Honest Guy x2,Capital; Dire Narlmarches; Pitax; Tenebrous Depths,Campaign; BTSL,Oleg stock described as Act-I (mundane/masterwork only); others not provably gated,not provable,1 per table (fixed),fixed stock can deplete; native regeneration not guaranteed,fixed-row append + normalization,owned-set cleanup + exact-count,vanilla regional smiths carry comparable native stock,src/KingmakerGunslinger/Blueprints/EasternWeaponCampaignBlueprints.cs:15-110,historical before-ledger: Oleg six early rows; capital/Dire Narlmarches/Pitax/Honest Guy twelve; quantity 1,high
Katana (Mundane),KMG.EasternWeapons.Katana.BaseItem,Melee weapon (module: Eastern Weapons),Mundane,family base cost (+300 masterwork / x2 cold iron / +1 magic premium),Vendor (Oleg early kinds); Vendor (capital smith); Vendor (Dire Narlmarches village); Vendor (Pitax town); Vendor (BTSL Honest Guy),C11_OlegVendorTable; SmithVendorTable; DireNarlmarchesVillageVendorTable; PitaxTownVendorTable; BTSL Honest Guy x2,Oleg's post; Capital; Dire Narlmarches; Pitax; Tenebrous Depths,Campaign; BTSL,Oleg stock described as Act-I (mundane/masterwork only); others not provably gated,not provable,1 per table (fixed),fixed stock can deplete; native regeneration not guaranteed,fixed-row append + normalization,owned-set cleanup + exact-count,vanilla regional smiths carry comparable native stock,src/KingmakerGunslinger/Blueprints/EasternWeaponCampaignBlueprints.cs:15-110,historical before-ledger: Oleg six early rows; capital/Dire Narlmarches/Pitax/Honest Guy twelve; quantity 1,high
Katana (Masterwork),KMG.EasternWeapons.Katana.MasterworkItem,Melee weapon (module: Eastern Weapons),Masterwork,family base cost (+300 masterwork / x2 cold iron / +1 magic premium),Vendor (Oleg early kinds); Vendor (capital smith); Vendor (Dire Narlmarches village); Vendor (Pitax town); Vendor (BTSL Honest Guy),C11_OlegVendorTable; SmithVendorTable; DireNarlmarchesVillageVendorTable; PitaxTownVendorTable; BTSL Honest Guy x2,Oleg's post; Capital; Dire Narlmarches; Pitax; Tenebrous Depths,Campaign; BTSL,Oleg stock described as Act-I (mundane/masterwork only); others not provably gated,not provable,1 per table (fixed),fixed stock can deplete; native regeneration not guaranteed,fixed-row append + normalization,owned-set cleanup + exact-count,vanilla regional smiths carry comparable native stock,src/KingmakerGunslinger/Blueprints/EasternWeaponCampaignBlueprints.cs:15-110,historical before-ledger: Oleg six early rows; capital/Dire Narlmarches/Pitax/Honest Guy twelve; quantity 1,high
Katana (Cold Iron),KMG.EasternWeapons.Katana.ColdIronItem,Melee weapon (module: Eastern Weapons),Cold Iron,family base cost (+300 masterwork / x2 cold iron / +1 magic premium),Vendor (capital smith); Vendor (Dire Narlmarches village); Vendor (Pitax town); Vendor (BTSL Honest Guy),SmithVendorTable; DireNarlmarchesVillageVendorTable; PitaxTownVendorTable; BTSL Honest Guy x2,Capital; Dire Narlmarches; Pitax; Tenebrous Depths,Campaign; BTSL,Oleg stock described as Act-I (mundane/masterwork only); others not provably gated,not provable,1 per table (fixed),fixed stock can deplete; native regeneration not guaranteed,fixed-row append + normalization,owned-set cleanup + exact-count,vanilla regional smiths carry comparable native stock,src/KingmakerGunslinger/Blueprints/EasternWeaponCampaignBlueprints.cs:15-110,historical before-ledger: Oleg six early rows; capital/Dire Narlmarches/Pitax/Honest Guy twelve; quantity 1,high
Katana (+1),KMG.EasternWeapons.Katana.Plus1Item,Melee weapon (module: Eastern Weapons),+1,family base cost (+300 masterwork / x2 cold iron / +1 magic premium),Vendor (capital smith); Vendor (Dire Narlmarches village); Vendor (Pitax town); Vendor (BTSL Honest Guy),SmithVendorTable; DireNarlmarchesVillageVendorTable; PitaxTownVendorTable; BTSL Honest Guy x2,Capital; Dire Narlmarches; Pitax; Tenebrous Depths,Campaign; BTSL,Oleg stock described as Act-I (mundane/masterwork only); others not provably gated,not provable,1 per table (fixed),fixed stock can deplete; native regeneration not guaranteed,fixed-row append + normalization,owned-set cleanup + exact-count,vanilla regional smiths carry comparable native stock,src/KingmakerGunslinger/Blueprints/EasternWeaponCampaignBlueprints.cs:15-110,historical before-ledger: Oleg six early rows; capital/Dire Narlmarches/Pitax/Honest Guy twelve; quantity 1,high
Nodachi (Mundane),KMG.EasternWeapons.Nodachi.BaseItem,Melee weapon (module: Eastern Weapons),Mundane,family base cost (+300 masterwork / x2 cold iron / +1 magic premium),Vendor (Oleg early kinds); Vendor (capital smith); Vendor (Dire Narlmarches village); Vendor (Pitax town); Vendor (BTSL Honest Guy),C11_OlegVendorTable; SmithVendorTable; DireNarlmarchesVillageVendorTable; PitaxTownVendorTable; BTSL Honest Guy x2,Oleg's post; Capital; Dire Narlmarches; Pitax; Tenebrous Depths,Campaign; BTSL,Oleg stock described as Act-I (mundane/masterwork only); others not provably gated,not provable,1 per table (fixed),fixed stock can deplete; native regeneration not guaranteed,fixed-row append + normalization,owned-set cleanup + exact-count,vanilla regional smiths carry comparable native stock,src/KingmakerGunslinger/Blueprints/EasternWeaponCampaignBlueprints.cs:15-110,historical before-ledger: Oleg six early rows; capital/Dire Narlmarches/Pitax/Honest Guy twelve; quantity 1,high
Nodachi (Masterwork),KMG.EasternWeapons.Nodachi.MasterworkItem,Melee weapon (module: Eastern Weapons),Masterwork,family base cost (+300 masterwork / x2 cold iron / +1 magic premium),Vendor (Oleg early kinds); Vendor (capital smith); Vendor (Dire Narlmarches village); Vendor (Pitax town); Vendor (BTSL Honest Guy),C11_OlegVendorTable; SmithVendorTable; DireNarlmarchesVillageVendorTable; PitaxTownVendorTable; BTSL Honest Guy x2,Oleg's post; Capital; Dire Narlmarches; Pitax; Tenebrous Depths,Campaign; BTSL,Oleg stock described as Act-I (mundane/masterwork only); others not provably gated,not provable,1 per table (fixed),fixed stock can deplete; native regeneration not guaranteed,fixed-row append + normalization,owned-set cleanup + exact-count,vanilla regional smiths carry comparable native stock,src/KingmakerGunslinger/Blueprints/EasternWeaponCampaignBlueprints.cs:15-110,historical before-ledger: Oleg six early rows; capital/Dire Narlmarches/Pitax/Honest Guy twelve; quantity 1,high
Nodachi (Cold Iron),KMG.EasternWeapons.Nodachi.ColdIronItem,Melee weapon (module: Eastern Weapons),Cold Iron,family base cost (+300 masterwork / x2 cold iron / +1 magic premium),Vendor (capital smith); Vendor (Dire Narlmarches village); Vendor (Pitax town); Vendor (BTSL Honest Guy),SmithVendorTable; DireNarlmarchesVillageVendorTable; PitaxTownVendorTable; BTSL Honest Guy x2,Capital; Dire Narlmarches; Pitax; Tenebrous Depths,Campaign; BTSL,Oleg stock described as Act-I (mundane/masterwork only); others not provably gated,not provable,1 per table (fixed),fixed stock can deplete; native regeneration not guaranteed,fixed-row append + normalization,owned-set cleanup + exact-count,vanilla regional smiths carry comparable native stock,src/KingmakerGunslinger/Blueprints/EasternWeaponCampaignBlueprints.cs:15-110,historical before-ledger: Oleg six early rows; capital/Dire Narlmarches/Pitax/Honest Guy twelve; quantity 1,high
Nodachi (+1),KMG.EasternWeapons.Nodachi.Plus1Item,Melee weapon (module: Eastern Weapons),+1,family base cost (+300 masterwork / x2 cold iron / +1 magic premium),Vendor (capital smith); Vendor (Dire Narlmarches village); Vendor (Pitax town); Vendor (BTSL Honest Guy),SmithVendorTable; DireNarlmarchesVillageVendorTable; PitaxTownVendorTable; BTSL Honest Guy x2,Capital; Dire Narlmarches; Pitax; Tenebrous Depths,Campaign; BTSL,Oleg stock described as Act-I (mundane/masterwork only); others not provably gated,not provable,1 per table (fixed),fixed stock can deplete; native regeneration not guaranteed,fixed-row append + normalization,owned-set cleanup + exact-count,vanilla regional smiths carry comparable native stock,src/KingmakerGunslinger/Blueprints/EasternWeaponCampaignBlueprints.cs:15-110,historical before-ledger: Oleg six early rows; capital/Dire Narlmarches/Pitax/Honest Guy twelve; quantity 1,high
Paper Lantern,KMG.EasternWeapons.Wakizashi.PaperLantern,"Melee weapon (unique, module: Eastern Weapons)",named unique,see named catalog,Fixed campaign loot,n/a,StagLordFort,Campaign,area availability (late Act I per source comment),late Act I,1,n/a,container append + retired-target cleanup,mutation rollback,unique weapons in comparable vanilla containers,src/KingmakerGunslinger/Blueprints/EasternWeaponCampaignBlueprints.cs:15-110,,high
Wayfarer's Oath,KMG.EasternWeapons.Katana.WayfarersOath,"Melee weapon (unique, module: Eastern Weapons)",named unique,see named catalog,Fixed campaign loot,n/a,TrollLair_Exterior,Campaign,area availability (Act II per source comment),Act II,1,n/a,container append + retired-target cleanup,mutation rollback,unique weapons in comparable vanilla containers,src/KingmakerGunslinger/Blueprints/EasternWeaponCampaignBlueprints.cs:15-110,,high
Border Sentinel,KMG.EasternWeapons.Nodachi.BorderSentinel,"Melee weapon (unique, module: Eastern Weapons)",named unique,see named catalog,Fixed campaign loot,n/a,StagLordOldCamp,Campaign,area availability (late Act I per source comment),late Act I,1,n/a,container append + retired-target cleanup,mutation rollback,unique weapons in comparable vanilla containers,src/KingmakerGunslinger/Blueprints/EasternWeaponCampaignBlueprints.cs:15-110,,high
Quiet Current,KMG.EasternWeapons.Wakizashi.QuietCurrent,"Melee weapon (unique, module: Eastern Weapons)",named unique,see named catalog,Fixed campaign loot,n/a,TrollLair_SecondLevel,Campaign,area availability (Act II per source comment),Act II,1,n/a,container append + retired-target cleanup,mutation rollback,unique weapons in comparable vanilla containers,src/KingmakerGunslinger/Blueprints/EasternWeaponCampaignBlueprints.cs:15-110,,high
Winter Reed,KMG.EasternWeapons.Katana.WinterReed,"Melee weapon (unique, module: Eastern Weapons)",named unique,see named catalog,Fixed campaign loot,n/a,TrollhoundLair,Campaign,area availability (Act II per source comment),Act II,1,n/a,container append + retired-target cleanup,mutation rollback,unique weapons in comparable vanilla containers,src/KingmakerGunslinger/Blueprints/EasternWeaponCampaignBlueprints.cs:15-110,,high
Cloud Cleaver,KMG.EasternWeapons.Nodachi.CloudCleaver,"Melee weapon (unique, module: Eastern Weapons)",named unique,see named catalog,Fixed campaign loot,n/a,CandlemereTower,Campaign,area availability (Act II per source comment),Act II,1,n/a,container append + retired-target cleanup,mutation rollback,unique weapons in comparable vanilla containers,src/KingmakerGunslinger/Blueprints/EasternWeaponCampaignBlueprints.cs:15-110,,high
Falling Petal,KMG.EasternWeapons.Wakizashi.FallingPetal,"Melee weapon (unique, module: Eastern Weapons)",named unique,see named catalog,Fixed campaign loot,n/a,SilverstepGrotto_Cave,Campaign,area availability (Act III per source comment),Act III,1,n/a,container append + retired-target cleanup,mutation rollback,unique weapons in comparable vanilla containers,src/KingmakerGunslinger/Blueprints/EasternWeaponCampaignBlueprints.cs:15-110,,high
Drawn Horizon,KMG.EasternWeapons.Katana.DrawnHorizon,"Melee weapon (unique, module: Eastern Weapons)",named unique,see named catalog,Fixed campaign loot,n/a,SilverstepLake_Outdoor,Campaign,area availability (Act III per source comment),Act III,1,n/a,container append + retired-target cleanup,mutation rollback,unique weapons in comparable vanilla containers,src/KingmakerGunslinger/Blueprints/EasternWeaponCampaignBlueprints.cs:15-110,,high
Storm Over Stone,KMG.EasternWeapons.Nodachi.StormOverStone,"Melee weapon (unique, module: Eastern Weapons)",named unique,see named catalog,Fixed campaign loot,n/a,Varnhold,Campaign,area availability (Act IV per source comment),Act IV,1,n/a,container append + retired-target cleanup,mutation rollback,unique weapons in comparable vanilla containers,src/KingmakerGunslinger/Blueprints/EasternWeaponCampaignBlueprints.cs:15-110,,high
Foxfire Whisper,KMG.EasternWeapons.Wakizashi.FoxfireWhisper,"Melee weapon (unique, module: Eastern Weapons)",named unique,see named catalog,Fixed campaign loot,n/a,DunswardOutdoor,Campaign,area availability (Act IV per source comment),Act IV,1,n/a,container append + retired-target cleanup,mutation rollback,unique weapons in comparable vanilla containers,src/KingmakerGunslinger/Blueprints/EasternWeaponCampaignBlueprints.cs:15-110,,high
Thunder at the Gate,KMG.EasternWeapons.Katana.ThunderAtTheGate,"Melee weapon (unique, module: Eastern Weapons)",named unique,see named catalog,Fixed campaign loot,n/a,ArmagsTomb,Campaign,area availability (Act IV per source comment),Act IV,1,n/a,container append + retired-target cleanup,mutation rollback,unique weapons in comparable vanilla containers,src/KingmakerGunslinger/Blueprints/EasternWeaponCampaignBlueprints.cs:15-110,,high
Mountain Sunder,KMG.EasternWeapons.Nodachi.MountainSunder,"Melee weapon (unique, module: Eastern Weapons)",named unique,see named catalog,Fixed campaign loot,n/a,BarbarianMainCamp,Campaign,area availability (Act IV per source comment),Act IV,1,n/a,container append + retired-target cleanup,mutation rollback,unique weapons in comparable vanilla containers,src/KingmakerGunslinger/Blueprints/EasternWeaponCampaignBlueprints.cs:15-110,,high
Empty Sleeve,KMG.EasternWeapons.Wakizashi.EmptySleeve,"Melee weapon (unique, module: Eastern Weapons)",named unique,see named catalog,Fixed campaign loot,n/a,PitaxTown,Campaign,area availability (Act V per source comment),Act V,1,n/a,container append + retired-target cleanup,mutation rollback,unique weapons in comparable vanilla containers,src/KingmakerGunslinger/Blueprints/EasternWeaponCampaignBlueprints.cs:15-110,,high
Moonlit Crossing,KMG.EasternWeapons.Katana.MoonlitCrossing,"Melee weapon (unique, module: Eastern Weapons)",named unique,see named catalog,Fixed campaign loot,n/a,Brineheart,Campaign,area availability (Act V per source comment),Act V,1,n/a,container append + retired-target cleanup,mutation rollback,unique weapons in comparable vanilla containers,src/KingmakerGunslinger/Blueprints/EasternWeaponCampaignBlueprints.cs:15-110,,high
Unfixed Form,KMG.EasternWeapons.Nodachi.UnfixedForm,"Melee weapon (unique, module: Eastern Weapons)",named unique,see named catalog,Fixed campaign loot,n/a,GlenebonPlains,Campaign,area availability (Act V per source comment),Act V,1,n/a,container append + retired-target cleanup,mutation rollback,unique weapons in comparable vanilla containers,src/KingmakerGunslinger/Blueprints/EasternWeaponCampaignBlueprints.cs:15-110,,high
Night Without Moon,KMG.EasternWeapons.Wakizashi.NightWithoutMoon,"Melee weapon (unique, module: Eastern Weapons)",named unique,see named catalog,Fixed campaign loot,n/a,CastleOfKnives,Campaign,area availability (late game per source comment),late game,1,n/a,container append + retired-target cleanup,mutation rollback,unique weapons in comparable vanilla containers,src/KingmakerGunslinger/Blueprints/EasternWeaponCampaignBlueprints.cs:15-110,,high
Heaven's Measure,KMG.EasternWeapons.Katana.HeavensMeasure,"Melee weapon (unique, module: Eastern Weapons)",named unique,see named catalog,Fixed campaign loot,n/a,HouseAtTheEdgeOfTime_2ndFloor,Campaign,area availability (late game per source comment),late game,1,n/a,container append + retired-target cleanup,mutation rollback,unique weapons in comparable vanilla containers,src/KingmakerGunslinger/Blueprints/EasternWeaponCampaignBlueprints.cs:15-110,,high
World-Tree Severer,KMG.EasternWeapons.Nodachi.WorldTreeSeverer,"Melee weapon (unique, module: Eastern Weapons)",named unique,see named catalog,Fixed campaign loot,n/a,FinalDungeon,Campaign,area availability (late game per source comment),late game,1,n/a,container append + retired-target cleanup,mutation rollback,unique weapons in comparable vanilla containers,src/KingmakerGunslinger/Blueprints/EasternWeaponCampaignBlueprints.cs: named WorldTreeSeverer LootSpec,corrected weekend omission; fixed named loot unchanged,high
Elven Branched Spear (Mundane),KMG.ElvenBranchedSpear.BaseItem,Melee weapon (module: Elven Branched Spear),Mundane,20,Vendor (Oleg); Vendor (capital smith); Vendor (Dire Narlmarches); Vendor (Pitax); Vendor (BTSL Honest Guy),C11_OlegVendorTable; SmithVendorTable; DireNarlmarchesVillageVendorTable; PitaxTownVendorTable; BTSL Honest Guy x2,Oleg's post; Capital; Dire Narlmarches; Pitax; Tenebrous Depths,Campaign; BTSL,Oleg early only; others not provably gated,not provable,1 per table (fixed),fixed stock can deplete; native regeneration not guaranteed,fixed-row append + normalization,owned-set cleanup,n/a,src/KingmakerGunslinger/ElvenBranchedSpear/ElvenBranchedSpearCatalog.cs; fixed-base ElvenBranchedSpearCampaignBlueprints.cs,historical before-ledger: Oleg four early variants; capital/Dire Narlmarches/Pitax/Honest Guy six; quantity 1,high
Elven Branched Spear (Masterwork),KMG.ElvenBranchedSpear.MasterworkItem,Melee weapon (module: Elven Branched Spear),Masterwork,320,Vendor (Oleg); Vendor (capital smith); Vendor (Dire Narlmarches); Vendor (Pitax); Vendor (BTSL Honest Guy),C11_OlegVendorTable; SmithVendorTable; DireNarlmarchesVillageVendorTable; PitaxTownVendorTable; BTSL Honest Guy x2,Oleg's post; Capital; Dire Narlmarches; Pitax; Tenebrous Depths,Campaign; BTSL,Oleg early only; others not provably gated,not provable,1 per table (fixed),fixed stock can deplete; native regeneration not guaranteed,fixed-row append + normalization,owned-set cleanup,n/a,src/KingmakerGunslinger/ElvenBranchedSpear/ElvenBranchedSpearCatalog.cs; fixed-base ElvenBranchedSpearCampaignBlueprints.cs,historical before-ledger: Oleg four early variants; capital/Dire Narlmarches/Pitax/Honest Guy six; quantity 1,high
Elven Branched Spear (Cold Iron),KMG.ElvenBranchedSpear.ColdIronItem,Melee weapon (module: Elven Branched Spear),Cold Iron,40,Vendor (Oleg); Vendor (capital smith); Vendor (Dire Narlmarches); Vendor (Pitax); Vendor (BTSL Honest Guy),C11_OlegVendorTable; SmithVendorTable; DireNarlmarchesVillageVendorTable; PitaxTownVendorTable; BTSL Honest Guy x2,Oleg's post; Capital; Dire Narlmarches; Pitax; Tenebrous Depths,Campaign; BTSL,Oleg early only; others not provably gated,not provable,1 per table (fixed),fixed stock can deplete; native regeneration not guaranteed,fixed-row append + normalization,owned-set cleanup,n/a,src/KingmakerGunslinger/ElvenBranchedSpear/ElvenBranchedSpearCatalog.cs; fixed-base ElvenBranchedSpearCampaignBlueprints.cs,historical before-ledger: Oleg four early variants; capital/Dire Narlmarches/Pitax/Honest Guy six; quantity 1,high
Masterwork Cold Iron Elven Branched Spear,KMG.ElvenBranchedSpear.MasterworkColdIronItem,Melee weapon (module: Elven Branched Spear),Masterwork Cold Iron,340,Vendor (Oleg); Vendor (capital smith); Vendor (Dire Narlmarches); Vendor (Pitax); Vendor (BTSL Honest Guy),C11_OlegVendorTable; SmithVendorTable; DireNarlmarchesVillageVendorTable; PitaxTownVendorTable; BTSL Honest Guy x2,Oleg's post; Capital; Dire Narlmarches; Pitax; Tenebrous Depths,Campaign; BTSL,Oleg early only; others not provably gated,not provable,1 per table (fixed),fixed stock can deplete; native regeneration not guaranteed,fixed-row append + normalization,owned-set cleanup,n/a,src/KingmakerGunslinger/ElvenBranchedSpear/ElvenBranchedSpearCatalog.cs; fixed-base ElvenBranchedSpearCampaignBlueprints.cs,historical before-ledger: Oleg four early variants; capital/Dire Narlmarches/Pitax/Honest Guy six; quantity 1,high
Elven Branched Spear (+1),KMG.ElvenBranchedSpear.Plus1Item,Melee weapon (module: Elven Branched Spear),+1,2320,Vendor (capital smith); Vendor (Dire Narlmarches); Vendor (Pitax); Vendor (BTSL Honest Guy),SmithVendorTable; DireNarlmarchesVillageVendorTable; PitaxTownVendorTable; BTSL Honest Guy x2,Capital; Dire Narlmarches; Pitax; Tenebrous Depths,Campaign; BTSL,Oleg early only; others not provably gated,not provable,1 per table (fixed),fixed stock can deplete; native regeneration not guaranteed,fixed-row append + normalization,owned-set cleanup,n/a,src/KingmakerGunslinger/ElvenBranchedSpear/ElvenBranchedSpearCatalog.cs; fixed-base ElvenBranchedSpearCampaignBlueprints.cs,historical before-ledger: Oleg four early variants; capital/Dire Narlmarches/Pitax/Honest Guy six; quantity 1,high
+1 Cold Iron Elven Branched Spear,KMG.ElvenBranchedSpear.Plus1ColdIronItem,Melee weapon (module: Elven Branched Spear),+1 Cold Iron,4340,Vendor (capital smith); Vendor (Dire Narlmarches); Vendor (Pitax); Vendor (BTSL Honest Guy),SmithVendorTable; DireNarlmarchesVillageVendorTable; PitaxTownVendorTable; BTSL Honest Guy x2,Capital; Dire Narlmarches; Pitax; Tenebrous Depths,Campaign; BTSL,Oleg early only; others not provably gated,not provable,1 per table (fixed),fixed stock can deplete; native regeneration not guaranteed,fixed-row append + normalization,owned-set cleanup,n/a,src/KingmakerGunslinger/ElvenBranchedSpear/ElvenBranchedSpearCatalog.cs; fixed-base ElvenBranchedSpearCampaignBlueprints.cs,historical before-ledger: Oleg four early variants; capital/Dire Narlmarches/Pitax/Honest Guy six; quantity 1,high
Boughkeeper,KMG.ElvenBranchedSpear.Boughkeeper,"Melee weapon (unique, module: Elven Branched Spear)",named unique,see named catalog,Fixed campaign loot,n/a,"see LootSpec areas (CapitalRegionLair01, NorthNarlmarches, MonsterLairHodag, LoneCyclopCave, BlakemoorHideout, FinalDungeon2)",Campaign,area availability,not provable,1,n/a,container append + cleanup,mutation rollback,n/a,src/KingmakerGunslinger/Blueprints/ElvenBranchedSpearCampaignBlueprints.cs:17-70,,high
Thornstep,KMG.ElvenBranchedSpear.Thornstep,"Melee weapon (unique, module: Elven Branched Spear)",named unique,see named catalog,Fixed campaign loot,n/a,"see LootSpec areas (CapitalRegionLair01, NorthNarlmarches, MonsterLairHodag, LoneCyclopCave, BlakemoorHideout, FinalDungeon2)",Campaign,area availability,not provable,1,n/a,container append + cleanup,mutation rollback,n/a,src/KingmakerGunslinger/Blueprints/ElvenBranchedSpearCampaignBlueprints.cs:17-70,,high
Moonlit Fork,KMG.ElvenBranchedSpear.MoonlitFork,"Melee weapon (unique, module: Elven Branched Spear)",named unique,see named catalog,Fixed campaign loot,n/a,"see LootSpec areas (CapitalRegionLair01, NorthNarlmarches, MonsterLairHodag, LoneCyclopCave, BlakemoorHideout, FinalDungeon2)",Campaign,area availability,not provable,1,n/a,container append + cleanup,mutation rollback,n/a,src/KingmakerGunslinger/Blueprints/ElvenBranchedSpearCampaignBlueprints.cs:17-70,,high
Viper's Reach,KMG.ElvenBranchedSpear.VipersReach,"Melee weapon (unique, module: Elven Branched Spear)",named unique,see named catalog,Fixed campaign loot,n/a,"see LootSpec areas (CapitalRegionLair01, NorthNarlmarches, MonsterLairHodag, LoneCyclopCave, BlakemoorHideout, FinalDungeon2)",Campaign,area availability,not provable,1,n/a,container append + cleanup,mutation rollback,n/a,src/KingmakerGunslinger/Blueprints/ElvenBranchedSpearCampaignBlueprints.cs:17-70,,high
Briar-Crowned Spear,KMG.ElvenBranchedSpear.BriarCrownedSpear,"Melee weapon (unique, module: Elven Branched Spear)",named unique,see named catalog,Fixed campaign loot,n/a,"see LootSpec areas (CapitalRegionLair01, NorthNarlmarches, MonsterLairHodag, LoneCyclopCave, BlakemoorHideout, FinalDungeon2)",Campaign,area availability,not provable,1,n/a,container append + cleanup,mutation rollback,n/a,src/KingmakerGunslinger/Blueprints/ElvenBranchedSpearCampaignBlueprints.cs:17-70,,high
Spear of the First Branch,KMG.ElvenBranchedSpear.SpearOfTheFirstBranch,"Melee weapon (unique, module: Elven Branched Spear)",named unique,see named catalog,Fixed campaign loot,n/a,"see LootSpec areas (CapitalRegionLair01, NorthNarlmarches, MonsterLairHodag, LoneCyclopCave, BlakemoorHideout, FinalDungeon2)",Campaign,area availability,not provable,1,n/a,container append + cleanup,mutation rollback,n/a,src/KingmakerGunslinger/Blueprints/ElvenBranchedSpearCampaignBlueprints.cs:17-70,,high
