stable_id,native_type,internal_asset_name,observed_scene_support,has_area_entry,has_book_event,native_components
00afbe29e976df24db85cda2c4c67864,Waypoint,Location_CH04Crossing45,current-main-map-anchor,false,false,
01586808812b5444b96151c382251bd0,SystemWaypoint,Location_SystemWaypoint4,absent-current-main-map,false,false,
01c614529730fa24ebd26d88c4121c02,Waypoint,Location_Chapter02Crossing07,current-main-map-anchor,false,false,
01c91a112a9b2b545895f862c856025d,Waypoint,Location_CH05Crossing19,current-main-map-anchor,false,false,
01e09d81a12f4094695ff49340af35aa,Landmark,Location_BigNarlmarchesOutdoor,current-main-map-anchor,true,false,
021a1d3df5f1d6a4381885d1256e5fec,Landmark,Location_Varnhold_DLC2,absent-current-main-map,true,false,
0308672046dc2cb4ebc4949b9257d2e4,Waypoint,Location_VHCrossing07_Waypoint,current-main-map-anchor,false,false,
041f1f85c126a034e8b52887cfa9c4a6,Waypoint,Location_TOLCrossing07_Waypoint,current-main-map-anchor,false,false,
042a5171f682fa1448382b40d7907a4f,Waypoint,Location_VH_DLC2_Waypoint01,absent-current-main-map,false,false,
043c7c47bc903b04cbece9db157ad986,Waypoint,Location_CH06Crossing14,current-main-map-anchor,false,false,
046478622565d6a40b4fac971443bcc0,Waypoint,Location_CH04Crossing01_Waypoint,current-main-map-anchor,false,false,
047261f320542e64ba1947056e2caec3,Waypoint,Location_CH05Crossing44,current-main-map-anchor,false,false,
047a81eda7998d44c85d71aacb58b916,HiddenLocation,Location_HydraDen,current-main-map-anchor,true,false,
053ed6cf80a4a2841bf38f5a37f407d4,Waypoint,Location_CH05Crossing02,current-main-map-anchor,false,false,
05a2671315f05b54dadd1178b1954baf,Location,Location_ResourceValuableFruits01,current-main-map-anchor,false,false,
063d36b168b712f4ab99996df0db8ce4,Waypoint,Location_CapitalCrossing02,current-main-map-anchor,false,false,
06948d13e6548204daeaa02c10bc7a30,HiddenLocation,Location_DevourerLair,current-main-map-anchor,true,false,
06aedf2967ea74e439049e1e5053d703,Waypoint,Location_Chapter01Crossing54,current-main-map-anchor,false,false,
06dc1c6d7c2af8142a88745120b07451,HiddenLocation,Location_AstradaemonLair,current-main-map-anchor,true,false,
07991a62b60c6ae46bfc2dc6c223fda1,Waypoint,Location_ThornShrikeCrossing_Waypoint3,current-main-map-anchor,false,false,
07b9f4001ac3eed4da444c36653c584f,SystemWaypoint,Location_Puzzle03_Waypoint,current-main-map-anchor,false,false,
083314eed7fd3c4449c7f48e8bcd15c0,HiddenLocation,Location_GolemIronLair,current-main-map-anchor,true,false,
085d73221a65be944a62b5c2c6ef5314,Location,Location_LandmarkShrikeRiver,absent-current-main-map,false,false,
087f231f2d66a144ea2f89d3effc2e3f,HiddenLocation,Location_AxiomiteLair,current-main-map-anchor,true,false,
088d6a86c4c6fe94b9465fce988ac14f,Waypoint,Location_CH06Crossing18,current-main-map-anchor,false,false,
08dd049e546607b4fb89954d67503dac,Location,Location_SadisticMage,current-main-map-anchor,true,false,
090061442e2246744a0375b552dc94a3,Waypoint,Location_Chapter01Crossing20,current-main-map-anchor,false,false,
09324e8df0c7d254c80b1ead9f077798,Waypoint,Location_Chapter01Crossing09,current-main-map-anchor,false,false,
0953ca45047eefa478715a005a60773a,HiddenLocation,Location_ArmagsTomb,current-main-map-anchor,true,false,
0a1045e710f95c54185e34425070d71d,HiddenLocation,Location_StagLordsOldHouse,current-main-map-anchor,true,false,
0a18b82b1f88d4f489bd77e09e16e844,Location,Location_LandmarkSkunkRiver,absent-current-main-map,false,false,
0a3be14da85b5874187383ec7f995a8d,SystemWaypoint,Location_GolemStoneLair_Waypoint,current-main-map-anchor,false,false,
0a48990163d700e4091d8826be5cd4f5,Waypoint,Location_CH05Crossing22,current-main-map-anchor,false,false,
0a6a6d942896a7f468009df9fd7806fe,Waypoint,Location_Chapter02Crossing03,current-main-map-anchor,false,false,
0af6db5105747214cb9dddbc1e006683,Location,Location_ResourseIronMine01,current-main-map-anchor,false,false,
0afa89d00a2d0d24893776f13f269776,Waypoint,Location_Chapter01Crossing02,current-main-map-anchor,false,false,
0b5f01408f6b5964796c82a2df22c836,HiddenLocation,Location_TaldorTower,current-main-map-anchor,true,false,
0b83cbbc14d1a4f40a5600f0a599a092,Waypoint,Location_CH06Crossing17,current-main-map-anchor,false,false,
0ba455664ebd18f4fa0a7758a0f477e8,HiddenLocation,Location_GolemStoneLair,current-main-map-anchor,true,false,
0bc872964663f024fba6a0779e012f2b,Waypoint,Location_CH04Crossing17,current-main-map-anchor,false,false,
0c0246687609f8d49a1dcd6d6ebd7386,Waypoint,Location_Chapter02Crossing15,current-main-map-anchor,false,false,
0c8c664faf9ce7a4898c5294392ecafb,Location,Location_GMBEDead(Lost)Noble,current-main-map-anchor,false,true,
0cc44e4cc83263b4ea2ef3eb0e8893b1,Waypoint,Location_SSCrossing16_Waypoint,current-main-map-anchor,false,false,
0cde7ee18dc79ea4198ac991f8ec4051,Waypoint,Location_CH04Crossing13,current-main-map-anchor,false,false,
0d493727fc989d946a605d9358802409,Waypoint,Location_CH04Crossing61,current-main-map-anchor,false,false,
0dc12d34f754842429ae3cc3f4d2365d,Waypoint,Location_Chapter02Crossing08,current-main-map-anchor,false,false,
0dc604ecb44eae84b991ac688a182bad,Landmark,Location_LizardfolksVillage,current-main-map-anchor,true,false,
0e10799b039404047a1d7fb01d228bf1,SystemWaypoint,Location_TechnicLeagueHideout_Waypoint02,current-main-map-anchor,false,false,
0e58f4ee83ad87f4f8279e9d1e9004d7,Waypoint,Location_CH05Crossing30,current-main-map-anchor,false,false,
0ed67b4b887f95b4887f782a3f81209e,SystemWaypoint,Location_RestovRoad_Waypoint2,current-main-map-anchor,false,false,
0f5a7f4de5686fa4b9a3527e8ffb77cb,HiddenLocation,Location_NotRaddishPatch,current-main-map-anchor,true,false,
0fdb042ed0af1834f8627d0e2f6bcdff,HiddenLocation,Location_BarbarianCairn,current-main-map-anchor,true,false,
103ef497bee9ac648812adcd6b630e4c,SystemWaypoint,Location_SecludedLodge_Waypoint,absent-current-main-map,false,false,
108c77b8f29f28f42bcbe23e4cd37b8e,Landmark,Location_MapTextLandmark_Candlemere,absent-current-main-map,false,false,
108ce67511693964cbff4a1126deea4d,Location,Location_ResourceAncientRuins02,current-main-map-anchor,false,false,
10a59de4c4c95204b9111c6d2c31aae3,HiddenLocation,Location_GMBE_ForgottenCache,current-main-map-anchor,false,true,
10b09e53f0c735043825ec8239520bf5,Waypoint,Location_CH06Crossing23,current-main-map-anchor,false,false,
115b915dc5289444d80c0381d19125b1,Waypoint,Location_TOLCrossing06_Waypoint,current-main-map-anchor,false,false,
118b9be0453b34c4384754c2e85efa2d,SystemWaypoint,Location_StagLordsOldHouse_Waypoint,absent-current-main-map,false,false,
11a249fe0e841094f978e99e7985d628,Location,Location_ResourceCoalMine01,current-main-map-anchor,false,false,
11d18f35ca69c8045a5673462756d62d,SystemWaypoint,Location_HodagLair_Waypoint,current-main-map-anchor,false,false,
11d5cb5ac221ae44ab84d9298dc581e3,Location,Location_SecludedLodge,current-main-map-anchor,true,false,
126d7e7a821865f4e9b06a32a982fc33,SystemWaypoint,Location_GhostStone_Waypoint,current-main-map-anchor,false,false,
139dba0921e629045abd5d7785df072b,HiddenLocation,Location_TrollhoundLair,current-main-map-anchor,true,false,
13b11a51b675fea48bf436f2b29a4a9b,Waypoint,Location_CH06Crossing19,current-main-map-anchor,false,false,
14839fcce2a10f44ea56ebe56937401f,Waypoint,Location_DWCrossing06_Waypoint,current-main-map-anchor,false,false,
1521d5b6bf326514e89d0cf5e0431ee1,SystemWaypoint,Location_KingOfTheForest_SystemWaypoint,current-main-map-anchor,false,false,
15371ba2756d8504997491cda5897813,Waypoint,Location_VH_DLC2_Waypoint04,absent-current-main-map,false,false,
155b39a1d710e8b4b9b897802e07a0e3,SystemWaypoint,Location_MedusaLair_Waypoint,current-main-map-anchor,false,false,
1574ffd60c395f2439a854aa8a41681d,SystemWaypoint,Location_BrevoyBorderlandsOutdoor_Waypoint,current-main-map-anchor,false,false,
15b0d3769fb4b0541a0f7c6026df1d33,Waypoint,Location_CH05Crossing26,current-main-map-anchor,false,false,
1617acccefa060f43ae9f8f70e9d0041,Location,Location_LandmarkNarlmarches,absent-current-main-map,false,false,
16185355dd5c85047ac19deac50af71b,Location,Location_ResourceAncientRuins03,current-main-map-anchor,false,false,
16646354b750a314492c542c01685a78,Waypoint,Location_CH05Crossing20,current-main-map-anchor,false,false,
17ffcc5e63af9f0428af252be4b51ff2,SystemWaypoint,Location_Dweomercat_Waypoint,current-main-map-anchor,false,false,
182b57eed36f5a14883dac931e415653,SystemWaypoint,Location_WerewolfLair_Waypoint,current-main-map-anchor,false,false,
183002f0b260aa749b489d8f28341a6c,Waypoint,Location_CH05Crossing41,current-main-map-anchor,false,false,
191b36cc983d6d547ae3f3e68fd9650d,SystemWaypoint,Location_Artisan_Alchemist_Wererats_Waypoint,current-main-map-anchor,false,false,
191fadced2333f944859960ce383d738,HiddenLocation,Location_Puzzle04,current-main-map-anchor,true,false,
19432f0d6db2bd943bf62a5e3b06324c,Waypoint,Location_CH06Crossing06,current-main-map-anchor,false,false,
19829f28a6d52c5448bebc242197e8ca,Waypoint,Location_CH04Crossing20,current-main-map-anchor,false,false,
1a335314e55e7f3448efc12ac0679315,SystemWaypoint,Location_VH_DLC2_SystemWaypoint_Fake02,absent-current-main-map,false,false,
1a5d876fbc425a044b3a0dbfcd3ec4a2,Location,Location_ResourceDefence01,current-main-map-anchor,false,false,
1a9c178ccf7c6de498f32fba2d9ea877,SystemWaypoint,Location_ValleyOfTtheDead_Waypoint,current-main-map-anchor,false,false,
1b536993c4f756844937ae8d73fd40d3,Waypoint,Location_Chapter02Crossing06,current-main-map-anchor,false,false,
1b5a5953417312c4b86419ff623695b3,Waypoint,Location_CH04Crossing47,current-main-map-anchor,false,false,
1b7b5b835709674478a15a440d5d167f,Waypoint,Location_Chapter01Crossing09_2,current-main-map-anchor,false,false,
1bbf39c12f9f8174d827cfffda03456f,Location,Location_NorthNarlmarches_Village,absent-current-main-map,true,false,
1c36a0734c4e4b142a53711e2148e16f,Waypoint,Location_CH04Crossing41,current-main-map-anchor,false,false,
1c78a6ea8b8d4f14a955c4110d642df9,Landmark,Location_MapTextLandmark_GudrinRiver,absent-current-main-map,false,false,
1d46ff87495318249a2a7039e7b2c2ed,SystemWaypoint,Location_EarthElementalLair_Waypoint,current-main-map-anchor,false,false,
1dfe6470911469d47a0655cd7756e202,Waypoint,Location_SSCrossing17_Waypoint2,current-main-map-anchor,false,false,
1e69f33c3fd08214098914e3e505cbf7,Location,Location_Littletown,current-main-map-anchor,true,false,
1e94362ad40b7c2499f4818f0ea2f59d,Waypoint,Location_DWCrossing02_Waypoint,current-main-map-anchor,false,false,
1ed06c8bdaa929e47acf844bfbd54b26,HiddenLocation,Location_DweomercatLair,current-main-map-anchor,true,false,
1ed3e2c7ab7dfdc4c8fa6e4a4a31902c,SystemWaypoint,Location_Event3Hooktongue_Waypoint,current-main-map-anchor,false,false,
1ee73aa52dab0264ca0b671d9a593c02,Location,Location_SpiderCave,current-main-map-anchor,true,false,
1ee8ce73382a8994b9c33a96ea40544d,HiddenLocation,Location_WolfLair,current-main-map-anchor,true,false,
1f144e3a0ded08243981480ff1df6aac,Waypoint,Location_CH04Crossing24,current-main-map-anchor,false,false,
1fb0c8764c8f6db469a25f3cc2f3364c,SystemWaypoint,Location_GMBE_DeadNoble_Waypoint,current-main-map-anchor,false,false,
1fd850d8e2576df41ba3226c6e820bfd,Location,Location_ResourceSilverMine01,current-main-map-anchor,false,false,
20335f0f91581f2458cb2f62c142ce3f,HiddenLocation,Location_DarkerThanBlack,current-main-map-anchor,true,false,
203e24eb1334c3549b0f07a5619f06ff,SystemWaypoint,Location_LizardfolksLair_Waypoint,current-main-map-anchor,false,false,
207e07669c8d797438bb8bdc87834c78,Landmark,Location_Restov,current-main-map-anchor,false,false,
20b684708f018b24a9f14993e0f1ebe0,Location,Location_ResourceAncientRuins01,current-main-map-anchor,false,false,
2163493bf08c99b4487987674105afe3,Waypoint,Location_CH04Crossing05_Waypoint,current-main-map-anchor,false,false,
21a570b22bc1445439eb8d27fcffadbf,Waypoint,Location_VHCrossing05_Waypoint2,current-main-map-anchor,false,false,
221a2b216c889c54d8a0d602899f29bb,SystemWaypoint,Location_SpiderLair_Waypoint,current-main-map-anchor,false,false,
2260311549623844f9026bd930ae9b54,Waypoint,Location_Chapter01Crossing46,current-main-map-anchor,false,false,
22ce500216682d1449aa373ca6533ccb,Location,Location_TorsOfLevenies_Village,absent-current-main-map,true,false,
2334dd60a29366a47bf538bf9b85e5e3,Location,Location_ResourceDefence01,current-main-map-anchor,false,false,
235913d6d51ff7e4f93f1146b39652f9,SystemWaypoint,Location_NotRaddishPatch_Waypoint,current-main-map-anchor,false,false,
23a5f6b697f0a7c47bd4b502d22d3587,Waypoint,Location_MurqueRiverCrossing_Waypoint2,current-main-map-anchor,false,false,
2434c5f59cb630f469d44d1d6e291add,Waypoint,Location_Crossing21_Waypoint,current-main-map-anchor,false,false,
243b8ac2715afd446a58af2c8bd144bb,Location,Location_Silverstep_Village,absent-current-main-map,true,false,
249d0384f3dd6374ba54517179b37128,Location,Location_ResourceValuableFish01,current-main-map-anchor,false,false,
25436be6a07faa44fa3bb8cee6c492b5,Waypoint,Location_VHCrossing05_Waypoint,current-main-map-anchor,false,false,
262190a229d9b884799123396d330804,Landmark,Location_Restov_DLC2,absent-current-main-map,false,false,
2629b90a76e8557499a9af523f710d1e,Waypoint,Location_CH04Crossing58,current-main-map-anchor,false,false,
26f61b54da36de74788a578efb5861ef,SystemWaypoint,Location_GoblinKingFort_Waypoint,current-main-map-anchor,false,false,
27275279d6cd97141afcac2566fdbb7e,HiddenLocation,Location_TatzlwyrmsDen,current-main-map-anchor,true,false,
27aa06dc2f90fa946bde6913ce8547ad,Waypoint,Location_DWCrossing04_Waypoint,current-main-map-anchor,false,false,
27be48d6143e2ac4192b6569c1506d68,Location,Location_ResourceFruits02,current-main-map-anchor,false,false,
27cb8134be78ad24e9b88c33ebeeef50,Location,Location_GMBEBookEventTomb,current-main-map-anchor,false,true,
28e70505dc8f9a14fa70b72fab1de6b1,SystemWaypoint,Location_SystemWaypoint2,absent-current-main-map,false,false,
2902661ff7322a644b1b52c763b153f0,SystemWaypoint,Location_Event2Shrike_Waypoint,current-main-map-anchor,false,false,
2937b6f275d84024e9b3a65b887df7fa,SystemWaypoint,Location_SystemWaypoint8,current-main-map-anchor,false,false,
2992a8b0962fac24a9b4c596d1568e2f,Location,Location_GoblinKingFort,current-main-map-anchor,true,false,
299f44ebc19ecd948b425e6ab53453bd,Waypoint,Location_CH04Crossing51,current-main-map-anchor,false,false,
2a36f02ca1958a1459fea8f94f59dcf3,SystemWaypoint,Location_GoblinVillage_Waypoint2,current-main-map-anchor,false,false,
2a4ada98e0d59c04bb28463f1c1e1a0a,SystemWaypoint,Location_PitaxHorde_Waypoint,current-main-map-anchor,false,false,
2a7dff60f82d52e4bb579accc780f0f2,Waypoint,Location_Crossing18_Waypoint2,current-main-map-anchor,false,false,
2a8b0391bd7878c4fb151483e3e6c98b,SystemWaypoint,Location_NereidLair_Waypoint,current-main-map-anchor,false,false,
2b42895e1ef216348a60a3a34d78c404,Location,Location_NettleCrossing,current-main-map-anchor,true,false,Kingmaker.Globalmap.Blueprints.LocationRadiusBuff
2c01f3d9745e0134a979702f8dc88d03,SystemWaypoint,Location_VH_DLC2_SystemWaypoint_Fake03,absent-current-main-map,false,false,
2c54885a6574cad47999ea9a781ec3a7,HiddenLocation,Location_GiantFlytrapLair,current-main-map-anchor,true,false,
2ce29069377ff804a884f6355ca01bf2,Location,Location_ResourceIronMine01,current-main-map-anchor,false,false,
2d45bdc497ea4cc4282e52825a4767ce,Waypoint,Location_TOLCrossing03_Waypoint,current-main-map-anchor,false,false,
2d84c68563e6f274caf944b271344dcf,Location,Location_LostLarnReturn,current-main-map-anchor,true,false,
2da301e0f889e2f40a8981127de4cbee,Waypoint,Location_Crossing25K_Waypoint2,current-main-map-anchor,false,false,
2dbc74c889b0be6459f6ecadbbf21b1f,Waypoint,Location_CH05Crossing18,current-main-map-anchor,false,false,
2e28b928e0e532f4c88188e608d85ee6,Waypoint,Location_CH05Crossing36,current-main-map-anchor,false,false,
2f2ad0f154709114394392b29752f3f8,HiddenLocation,Location_NorthNarlmarchesRegionLair01,current-main-map-anchor,true,false,
2fbecc5e5b84c324e92ecce07a006973,Waypoint,Location_Chapter02Crossing17,current-main-map-anchor,false,false,
2fc7841276214c245ba8d3f93cf4c20a,SystemWaypoint,Location_LonelyBarrow_Waypoint,absent-current-main-map,false,false,
302c3a537f257f644896784ad676d325,Location,Location_ResourceRuins01,current-main-map-anchor,false,false,
312bf36ac8bc4c74cb0969908c876cce,HiddenLocation,Location_Puzzle03,current-main-map-anchor,true,false,
312e0eeca119dc840824dca467ba2917,Location,Location_ResourseCoalMine01,current-main-map-anchor,false,false,
31a5935258f98314ab407dc10f48e49a,Location,Location_Dunsward_Village,absent-current-main-map,true,false,
31cadcab4e96adb499344a0fff3bce8d,Waypoint,Location_CH06Crossing11,current-main-map-anchor,false,false,
321cb58ca6fd35d4f966931c260f4962,Waypoint,Location_Chapter02Crossing22,current-main-map-anchor,false,false,
32b3849d4332dac48832d7153b420e0a,Waypoint,Location_CH05Crossing15,current-main-map-anchor,false,false,
3303b4b5ce7145d4c8d931d3279914c3,Waypoint,Location_TOLCrossing01_Waypoint,current-main-map-anchor,false,false,
3313a7309ae0a3448b089e510783e5c2,Waypoint,Location_ThornShrikeCrossing_Waypoint,current-main-map-anchor,false,false,
332a9a0e7bbb502408d5d44a08c70f72,HiddenLocation,Location_WorgLair,current-main-map-anchor,true,false,
3353953b543fcd24492f9d181016fe48,Location,Location_ResourceAncientObelisk01,current-main-map-anchor,false,false,
33589797e94b67d43b7dd47058585b51,Waypoint,Location_CH06Crossing07,current-main-map-anchor,false,false,
342ac59e077e5a34fb3239fb73411b20,HiddenLocation,Location_ManticoreLair,current-main-map-anchor,true,false,
3436ff5b3835df949b28b04dd1826f39,SystemWaypoint,Location_SilverstepGrotto_Waypoint,absent-current-main-map,false,false,
35955415f1ae61b4fa4c175bf458322a,HiddenLocation,Location_NightmireLair,current-main-map-anchor,true,false,
35bc2b7edaf44ca40b4b602f8affa5ff,Waypoint,Location_DWCrossing01_Waypoint,current-main-map-anchor,false,false,
36634f61ae214754091717793e9eef23,SystemWaypoint,Location_EternalGuardian_Waypoint,current-main-map-anchor,false,false,
36ded142f085cc0408752bb4ed785217,SystemWaypoint,Location_JaethalQ1_ThornRiver_Waypoint,current-main-map-anchor,false,false,
36df6d64549c46a448a37d3147b84273,HiddenLocation,Location_RegQ3_SharpFangsCamp,current-main-map-anchor,true,false,Kingmaker.Globalmap.Blueprints.LocationRestriction
36e6eb0b1ba389b45b9eb1225d5c6c4f,Waypoint,Location_TOLCrossing08_Waypoint,current-main-map-anchor,false,false,
37371fe6405cf744fbed4efb80de6bfc,SystemWaypoint,Location_TempleOfTheElk_Waypoint,current-main-map-anchor,false,false,
3776b990b065aaf4b9c920d6c08d83b0,Waypoint,Location_Crossing17_Waypoint,current-main-map-anchor,false,false,
378f1412a00c6ae4aa3f03f2cf9d0f57,SystemWaypoint,Location_CapitalRegionLair01_Waypoint,current-main-map-anchor,false,false,
38638e43953432e42a037956f798f15e,HiddenLocation,Location_OldCyclopsTomb,current-main-map-anchor,true,false,
389c48becee7a304ba7717df51af7b91,Waypoint,Location_CH05Crossing12,current-main-map-anchor,false,false,
38d5adb9ce8704d46830946869fb4857,Location,Location_ResourceGoldMine01,current-main-map-anchor,false,false,
38e83664466e5ac4ca1bf0012d016185,Location,Location_BloodFurrows,current-main-map-anchor,true,false,
39484f57c12498545a0fd4e6296f54b0,SystemWaypoint,Location_MudBowl_Waypoint,current-main-map-anchor,false,false,
394bae21fbc763443b823e57cca71b9d,Location,Location_LandmarkKamelands,absent-current-main-map,false,false,
39c9ee7b5e603344292871503fa9d483,SystemWaypoint,Location_BarbarianCairn_Waypoint,current-main-map-anchor,false,false,
3a9f6de0195cee344a9f1377fa73bfa0,Waypoint,Location_CH05Crossing23,current-main-map-anchor,false,false,
3ae37a46936055048b079560ebf0dbfb,SystemWaypoint,Location_Puzzle05_Waypoint,current-main-map-anchor,false,false,
3b246c6a954aa5c4586f1ee86b5168fd,Waypoint,Location_Crossing30_Waypoint,current-main-map-anchor,false,false,
3ba7bfa6468c1d14f85616f41e55ae6f,Waypoint,Location_Chapter01Crossing38,current-main-map-anchor,false,false,
3bbbb60eddc14b6439d1eaa49fbc022b,HiddenLocation,Location_NotGlenebonPlains,current-main-map-anchor,true,false,Kingmaker.Globalmap.Blueprints.LocationRestriction
3bf04bf130f88754c8dd9367ba2e16c2,Waypoint,Location_Chapter01Crossing50,current-main-map-anchor,false,false,
3c90f9efb251d3b4fa5a58f34a203f23,HiddenLocation,Location_BlakemoorHideout,current-main-map-anchor,true,false,
3cf6c925d3fca1943b538db776f90b20,HiddenLocation,Location_ManticoreLair2,current-main-map-anchor,true,false,
3d02eabdfd62d5b4a913e65ab6380b40,Location,Location_Outskirts_Village,absent-current-main-map,true,false,
3d7368d022b9eff4c89925cc4d36ed50,SystemWaypoint,Location_IronstoneGully_Waypoint,absent-current-main-map,false,false,
3d8ce4f4e4f2e2a419b665d3adc14cb8,Location,Location_ResourceRuins02,current-main-map-anchor,false,false,
3d95b3152736b2f439d113257ae792c2,Location,Location_DunswardOutdoor,current-main-map-anchor,true,false,
3e54b25da51e46b4f9bcc111f52f89ee,Waypoint,Location_LizardfolkVillage2_Waypoint,absent-current-main-map,false,false,
3e71f115d4d9bd84abbdf55d51029261,Waypoint,Location_CH04Crossing29,current-main-map-anchor,false,false,
3e85092e2ebe8884d958a86fd975e26a,HiddenLocation,Location_ThanadaemonLair,current-main-map-anchor,true,false,
4022cc90a4359864ab5b30898ce9d168,SystemWaypoint,Location_JubilostDebates_Waypoint,current-main-map-anchor,false,false,
407643442c02d4d4a92d652d9f5cc83a,HiddenLocation,Location_Puzzle02,current-main-map-anchor,true,false,
41a57180e389c714980e6b0e33814ad0,SystemWaypoint,Location_OldCaveDungeon_Waypoint,current-main-map-anchor,false,false,
41ce5a4d8a8a0504f8a395ee659755c9,Waypoint,Location_Chapter01Crossing10,current-main-map-anchor,false,false,
4239fa6876df0e24ea6742a2e1690087,HiddenLocation,Location_EarthElementalLair,current-main-map-anchor,true,false,
426a41b045f1b574bb1b616d057bdc17,Waypoint,Location_Crossing33,current-main-map-anchor,false,false,
440490d3fdb9ef946a59ee4b0d447dbc,Waypoint,Location_TOLCrossing04_Waypoint,current-main-map-anchor,false,false,
449e8d913a3c34647848bc247ccb51df,Waypoint,Location_CH04Crossing62,current-main-map-anchor,false,false,
44d379e654b59ae46876f074f660c460,Waypoint,Location_CH06Crossing15,current-main-map-anchor,false,false,
455b3114b4fb9f74d988574e92e511d4,HiddenLocation,Location_SpectreLair,current-main-map-anchor,true,false,
45d712b557dad40419d63d089e8147f1,Waypoint,Location_CH06Crossing13,current-main-map-anchor,false,false,
45fa0accb403ac64c878afb069271481,Location,Location_LandmarkTorsOfLevenies,absent-current-main-map,false,false,
461733170462ebc439f0bd5291de0fa5,Waypoint,Location_Chapter02Crossing21,current-main-map-anchor,false,false,
4641d0b0693c5e842a2a3532cd7ba9b2,Waypoint,Location_SSCrossing28_Waypoint2,absent-current-main-map,false,false,
466a6392b9309604d9e98257e1d90dc5,Waypoint,Location_Chapter02Crossing11,current-main-map-anchor,false,false,
46d8c64b5dc71644ba7821b968a337f4,Landmark,Location_MapTextLandmark3,absent-current-main-map,false,false,
475670b5899570f4897db371e3c7665f,SystemWaypoint,Location_MandragoraLair_Waypoint,current-main-map-anchor,false,false,
4823f0a7a38dfbe429517f7d168b04c0,Location,Location_ResourceDefence01,current-main-map-anchor,false,false,
48683c38304243f4488fca1a57201115,HiddenLocation,Location_LonelyBarrow,current-main-map-anchor,true,false,
48875ea76c9d90e4783bdd2a162848f8,HiddenLocation,Location_KoboldsShrine,current-main-map-anchor,false,true,
48efd3fa5cf5489448fee404c6196ee1,SystemWaypoint,Location_VH_DLC2_SystemWaypoint_Fake08,absent-current-main-map,false,false,
49162489fdcac0b499bbe3770b4e5405,Waypoint,Location_Crossing22_Waypoint,current-main-map-anchor,false,false,
497b44c317543e94a93c4c473a5a3047,Waypoint,Location_CH05Crossing35,current-main-map-anchor,false,false,
49edbeae6b7fb47459fec537ade3d45d,Waypoint,Location_CH04Crossing53,current-main-map-anchor,false,false,
4a40333e2c43a2343b2140d4eb28b96a,Waypoint,Location_Chapter02Crossing14,current-main-map-anchor,false,false,
4ac14c5413c2ef644aec140cfdc83d82,Waypoint,Location_CH04Crossing06_Waypoint,current-main-map-anchor,false,false,
4ad53f10ab6f7a247a5e640d755c86e7,Location,Location_Brineheart,current-main-map-anchor,true,false,
4aeccb6ee7aca2043bdc1e13df8dd244,Waypoint,Location_CH04Crossing38,current-main-map-anchor,false,false,
4b4fb5674e5ab004e87806c5dd6d4c0e,SystemWaypoint,Location_SixBearsCamp_Waypoint,current-main-map-anchor,false,false,
4b8411064f053af48bfc1f5be7e400ad,HiddenLocation,Location_TradingPostRegionLair01,current-main-map-anchor,true,false,
4c036a49a11e7164aa4b1b855d249fa4,Waypoint,Location_VH_ToShrike_Waypoint,current-main-map-anchor,false,false,
4c107d3ac63b6ca43b679f421baa2eaa,HiddenLocation,Location_MudBowl,current-main-map-anchor,true,false,
4c182b435c1d41d489368ede0e2fabf7,HiddenLocation,Location_IllthuliaksLair,current-main-map-anchor,true,false,
4c75a405da98a35449d1cfb05961ada0,SystemWaypoint,Location_OldCyclopsTomb_Waypoint,absent-current-main-map,false,false,
4d27edd5e1015df4cbf59af904980961,Waypoint,Location_CH04Crossing63,current-main-map-anchor,false,false,
4d77264379d84f644b0c726f7cede1ae,SystemWaypoint,Location_GoblinVillage_Waypoint,current-main-map-anchor,false,false,
4d952cd7d703f6e4fa39b52d87a497e6,Waypoint,Location_SSCrossing27_Waypoint3,current-main-map-anchor,false,false,
4e168e926c5c87f459defc0a8721e9c3,Waypoint,Location_Chapter01Crossing18,current-main-map-anchor,false,false,
4e4540e03a0366b45a278410ed24390f,Location,Location_LandmarkTuskwater,absent-current-main-map,false,false,
4e9297be1eba23b4db5eafeb8db1872b,Landmark,Location_MapTextLandmark_ShrikeRiver,absent-current-main-map,false,false,
4f138c1d6d4814542bb87e1871958385,Waypoint,Location_Chapter02Crossing13,current-main-map-anchor,false,false,
4f40aae780af48a48bf93ab6f3caab92,Waypoint,Location_Crossing25_Waypoint,current-main-map-anchor,false,false,
4f880d7eb8124e24fabb34345fa243fc,Waypoint,Location_CH04Crossing39,current-main-map-anchor,false,false,
4fe3113d1fedbbc43b04f8821892a273,Waypoint,Location_Crossing21_Waypoint2,current-main-map-anchor,false,false,
4fe3d1df23949dc42b982fc4c89aee92,Waypoint,Location_CH06Crossing20,current-main-map-anchor,false,false,
50371447bdf67c348bd57953891abcb9,Location,Location_ResourseValuableHerbs01,current-main-map-anchor,false,false,
50aebf59814e01a4b968915bbf912a03,Waypoint,Location_CH05Crossing16,current-main-map-anchor,false,false,
51113dca2f42c19429b52edf7bfd72d1,Location,Location_ResourceFruits01,current-main-map-anchor,false,false,
516d524e357fd024d96119a644d3e66b,HiddenLocation,Location_TuskguttersLair,current-main-map-anchor,true,false,Kingmaker.Globalmap.Blueprints.LocationRestriction
51d84022f6b5dbe49bc393cdad5e6449,Location,Location_ResourceMagic01,current-main-map-anchor,false,false,
52ab31e5d77524a439a366c3f2a26b65,HiddenLocation,Location_KingdomOfTheCleansed,current-main-map-anchor,true,false,Kingmaker.Globalmap.Blueprints.LocationRestriction
52fc8eb87d193564da5badd8d7f34f79,HiddenLocation,Location_GoblinTraderProject,current-main-map-anchor,true,false,
530797e270ac0e74597e3c20553672cd,SystemWaypoint,Location_ArmagsTomb_Waypoint,current-main-map-anchor,false,false,
5347f056a82bc164a96f253cfdb4dc84,Waypoint,Location_Chapter01Crossing15,current-main-map-anchor,false,false,
53c5e7ceb5da97344b6cf5a1e793f077,Waypoint,Location_CH05Crossing25,current-main-map-anchor,false,false,
53c9e3d0806c8784ab27779ec8758444,Waypoint,Location_SSCrossing30,current-main-map-anchor,false,false,
547f90db9a76f464498c560cb6e185b7,HiddenLocation,Location_NormalBoggardLair,current-main-map-anchor,true,false,
550543c0b0816854e9b2f0afb6674fb0,Location,Location_ResourceMagicalPlace02,current-main-map-anchor,false,false,
5567d998606e54b41b4a19fb6b10a5bb,SystemWaypoint,Location_SystemWaypoint5,absent-current-main-map,false,false,
55c59956e7506404ba2f2f3eb89d127f,Location,Location_LinnormGrave,current-main-map-anchor,true,false,
562fb67e6fe6f6447afbf0940d387df9,HiddenLocation,Location_CapitalRegionLair01,current-main-map-anchor,true,false,
563786eca6ac36141a99c0e7bd0c4b41,SystemWaypoint,Location_ColdDiplomacy_SystemWaypoint,current-main-map-anchor,false,false,
56413dde4ffce49418c65a7b391e5e66,Waypoint,Location_CH04Crossing59,current-main-map-anchor,false,false,
56d3775233249f54f80d5448d30af167,Waypoint,Location_NettleCrossing_Waypoint,current-main-map-anchor,false,false,
570d62f57c51b4748a1c13cb8acc5fae,Waypoint,Location_Chapter01Crossing14,current-main-map-anchor,false,false,
57543b442eeb19e48a05076114562881,Waypoint,Location_CH06Crossing01,current-main-map-anchor,false,false,
57727ae04859c19449f53faa8b870379,SystemWaypoint,Location_GiantFlytrapLair_Waypoint,current-main-map-anchor,false,false,
579297ed0c59af449bc9a4242de7a0a3,HiddenLocation,Location_TempleOfTheElk,current-main-map-anchor,true,false,
5824de9fcc2c72143a915b7a25f0d067,Waypoint,Location_CH05Crossing40,current-main-map-anchor,false,false,
58d0b49684a02684d83541d13d381a79,SystemWaypoint,Location_LongWait_Waypoint,current-main-map-anchor,false,false,
58f434da60288014090b996c897f85d5,Waypoint,Location_CH05Crossing03,current-main-map-anchor,false,false,
591042f07c1714b4f8e85eaea6184606,HiddenLocation,Location_OldCaveDungeon,current-main-map-anchor,true,false,
595bfc317045a3d479cd6e002ce595e1,Waypoint,Location_SSCrossing27_Waypoint,absent-current-main-map,false,false,
59a1d595fd12f1147ab11f60c39f52a7,Location,Location_BanditAdmirers,current-main-map-anchor,true,false,
59ace2f4cddd77a49836c515328c8ad3,Waypoint,Location_Chapter01Crossing03,current-main-map-anchor,false,false,
59be282fb861be54499e5f3d9183d4c7,HiddenLocation,Location_EternalGuardian,absent-current-main-map,true,false,
5a628109e8fd4204ca39a3b8addbd78b,Waypoint,Location_Chapter01Crossing05,current-main-map-anchor,false,false,
5a69648758f7d0d49afbe2a4ef61225e,Waypoint,Location_CH04Crossing08_Waypoint,current-main-map-anchor,false,false,
5a6e3fbfa3e37be4bb389f8e81a7034d,SystemWaypoint,Location_DunswardOutdoorN_Waypoint,current-main-map-anchor,false,false,
5ab9b2c5bbc4ebd4b97bac4aeb0ba4c5,Waypoint,Location_SSCrossing20_Waypoint,current-main-map-anchor,false,false,
5ad19e4f299d7a84baef70ed0a91c11f,Landmark,Location_MapTextLandmark4,absent-current-main-map,false,false,
5af849de5a776214a8dc0bd64084f8de,Waypoint,Location_CH06Crossing24,current-main-map-anchor,false,false,
5b67db5f8afccca479bed29e88dede16,Waypoint,Location_OldFord,current-main-map-anchor,false,false,
5df82eb6477e2b5479abda0ce8da99bc,Location,Location_ResourceMagic01,current-main-map-anchor,false,false,
5e01cac16066e7847bd41843c32e3b79,Waypoint,Location_CH05Crossing43,current-main-map-anchor,false,false,
5e0d104dfa216104d8affb53c21c7c5b,Waypoint,Location_CH04Crossing32,current-main-map-anchor,false,false,
5e969203ee472234f9782a61db1440e2,SystemWaypoint,Location_TechnicLeagueEncampment_Waypoint,absent-current-main-map,false,false,
5ee6673b2ab73204289e631621eef68b,Waypoint,Location_CH04Crossing52,current-main-map-anchor,false,false,
5ffbd2cf6d1aba34e97ac1f92bfc9cd3,Waypoint,Location_CH04Crossing26,current-main-map-anchor,false,false,
608e0f1e0057b96408eaeab09166b04b,SystemWaypoint,Location_GMBERuinedTowerClimb02_Waypoint,current-main-map-anchor,false,false,
61217391924c239479b8633d24ad79f7,SystemWaypoint,Location_KoboldsOnTheMarch_Waypoint,current-main-map-anchor,false,false,
621df23ff839dd04a8c93125928000e8,SystemWaypoint,Location_CapitalRegionLair03_2_Waypoint,current-main-map-anchor,false,false,
621e792fd6fddcd4c9de0ff534fd3b9e,SystemWaypoint,Location_GMBEBookEventTomb_Waypoint,current-main-map-anchor,false,false,
62710a6a024c746479e9496615dd5344,Waypoint,Location_SSCrossing23_Waypoint,absent-current-main-map,false,false,
627d2c57be426c54d948359827e4adc9,SystemWaypoint,Location_ToKamelandsSafariLodge_Waypoint,absent-current-main-map,false,false,
62a4b705dce5a184caa05ebbfeac248b,SystemWaypoint,Location_TrollhoundLair_Waypoint,current-main-map-anchor,false,false,
62b796a543916714e844fc40a7e05583,Waypoint,Location_VHCrossing08,current-main-map-anchor,false,false,
62e3d2a34fc2a7f48932641ce6988bd7,Location,Location_Kamelands_Village,absent-current-main-map,true,false,
62f5d3db3f767c5499dc42ed4b0d0a3a,SystemWaypoint,Location_GMBE_ForgottenCache_Waypoint,current-main-map-anchor,false,false,
634ad8479227352498ac34a6ef940ee5,HiddenLocation,Location_WolfsLair,current-main-map-anchor,true,false,
63a66e19ef6051a47802ff93919f0905,Waypoint,Location_Crossing19_Waypoint,current-main-map-anchor,false,false,
63ad3f6528d81e146b8a4661e4343e68,Waypoint,Location_CH05Crossing05,current-main-map-anchor,false,false,
640df8b50b17b984ca39c558956d6a81,Location,Location_ResourceDefence02,current-main-map-anchor,false,false,
65313ced8eb25484284df45306e31927,Location,Location_NomenTribe_DLC2,absent-current-main-map,true,false,
656f75d9da114bf46ba294c65333ac9c,Waypoint,Location_VH_DLC2_Waypoint09,absent-current-main-map,false,false,
658cabdb4ead89645af2933888d8eb73,HiddenLocation,Location_HodagsDen,current-main-map-anchor,true,false,
65e34a7d1ddc3f747ab95fcdafaebb44,HiddenLocation,Location_MandragoraLair,current-main-map-anchor,true,false,
66b8c70d7fe14564ca124bb1d7d0ea87,Waypoint,Location_Chapter01Crossing08,current-main-map-anchor,false,false,
67728bdd8fc0e7c4fa03eac4d847313c,Waypoint,Location_Chapter01Crossing29,current-main-map-anchor,false,false,
67e2584a87a818146baf99d4d7241b42,HiddenLocation,Location_NereidLair,current-main-map-anchor,true,false,
689ba3c5c03394e45aabd92051009b35,Location,Location_DunswardTomb,current-main-map-anchor,true,false,
68cb9680c10c7674daefc30288587ede,SystemWaypoint,Location_VH_DLC2_SystemWaypoint_Fake01,absent-current-main-map,false,false,
68db99f439aa72d4ba6c0f00a4343c53,Waypoint,Location_CH04Crossing56,current-main-map-anchor,false,false,
691764d53a2f7d545a187bcd96445a59,Location,Location_LoneCyclopRampage,current-main-map-anchor,true,false,
69528512bedee5a48bef238306ec7303,Waypoint,Location_CH06Crossing10,current-main-map-anchor,false,false,
699266fec35a0e349bd5a8b29f3b8c0c,Waypoint,Location_Chapter01Crossing07,current-main-map-anchor,false,false,
69baca51efef23341a349e8ad5f84d27,SystemWaypoint,Location_BoggardLair01_Waypoint,current-main-map-anchor,false,false,
6a717abf637e65d4b953fba29b4a07b8,Location,Location_ResourseDefensiblePosition01,current-main-map-anchor,false,false,
6b2737e40eea75c4991b1da45e36726c,Waypoint,Location_CH06Crossing02,current-main-map-anchor,false,false,
6bbfcce58b628734c8096fd14ccb7718,HiddenLocation,Location_HarrimQ2_ShieldKeep,current-main-map-anchor,true,false,Kingmaker.Globalmap.Blueprints.LocationRestriction
6c01366cff1fcbb4ca5f203b4e31842e,HiddenLocation,Location_VordakaiTomb,current-main-map-anchor,true,false,
6dc7d2b624a930547881b3aa872dda8c,SystemWaypoint,Location_CapitalRegionLair03_1_Waypoint,current-main-map-anchor,false,false,
6e37035eb7bf3ca468d3ab43d183e816,Location,Location_SouthNarlmarches_Village,absent-current-main-map,true,false,
6e3ce2c153ecdb849be46781c7d5f3dd,Waypoint,Location_CH04Crossing31,current-main-map-anchor,false,false,
6eb95574f69558f46886e2fae4462335,Location,Location_ResourceGemMine01,current-main-map-anchor,false,false,
6ed73c08d13228c449a1d345d1fbae5b,SystemWaypoint,Location_NorthNarlmarchesRegionLair01_Waypoint,current-main-map-anchor,false,false,
6ee81a90c58c23347919429f76157c2f,SystemWaypoint,Location_SmilodonLair_Waypoint,current-main-map-anchor,false,false,
70e1ad6c602974d42aea15379853667b,Waypoint,Location_Chapter01Crossing39,current-main-map-anchor,false,false,
723e293bf32b6cb41a85615501d3d70a,Location,Location_Event3Hooktongue,current-main-map-anchor,true,false,
72591f9c053201b45a8496e72fdf6c8e,Waypoint,Location_CH05Crossing07,current-main-map-anchor,false,false,
729f80e0071093d4c9714f3b9cfa7f75,Waypoint,Location_Chapter02Crossing18,current-main-map-anchor,false,false,
72e57751ec68eaa40838975834adae0b,SystemWaypoint,Location_SpiderCave_Waypoint,current-main-map-anchor,false,false,
73b943a1208d546478fa8ba52583758f,Waypoint,Location_VH_DLC2_Waypoint03,absent-current-main-map,false,false,
73c354cef2e29d541853d8668f7df6e2,Waypoint,Location_CH05Crossing45,current-main-map-anchor,false,false,
742b669011c779749a4dce097c72cf39,Waypoint,Location_Chapter01Crossing44,current-main-map-anchor,false,false,
74bbcda11c9bb3c4ab49a7c41ab27b70,SystemWaypoint,Location_OnTheEdge_Waypoint,current-main-map-anchor,false,false,
758559f44d15fc844bf30a10a83154d5,Landmark,Location_OlegTradingPost,current-main-map-anchor,true,false,Kingmaker.Globalmap.Blueprints.LocationRestriction
75984206f3fbeec4f8a2b6634e899425,Waypoint,Location_CH04Crossing44,current-main-map-anchor,false,false,
760a534af23b9b741a7f0f6af3874f4a,HiddenLocation,Location_GolemGoldLair,current-main-map-anchor,true,false,
7637c99c16ba9a34288f4502532b0e33,HiddenLocation,Location_HargulkasStronghold,current-main-map-anchor,true,false,
77370d1b8b08828428d24a77d71c1056,Waypoint,Location_CH06Crossing21,current-main-map-anchor,false,false,
77a0d556ae03eb549938d3b7bba1e33b,Waypoint,Location_CH05Crossing38,current-main-map-anchor,false,false,
77aaf83b82ebfda48bd69fb72082515f,HiddenLocation,Location_Lair01_DLC2,absent-current-main-map,true,false,
77c699ae716c7ce4dbb41677953dd9c4,Waypoint,Location_Chapter01Crossing43,current-main-map-anchor,false,false,
77ddd5a76b4bcac458ef177c14387c4e,Waypoint,Location_Candlemere_Waypoint,current-main-map-anchor,false,false,
77e2d3c289e33e04aa8917c4863a2383,HiddenLocation,Location_MedusaLair,current-main-map-anchor,true,false,
77f35deaba6451a439eaf92b88106d4e,Location,Location_BarbarianMainCamp,current-main-map-anchor,true,false,
78026c56c9069a7408d11869b9e280d5,SystemWaypoint,Location_ShrineOfLamashtu_Waypoint,current-main-map-anchor,false,false,
78d9d7562a29aa64cb812ad4149aa4bb,Waypoint,Location_Chapter01Crossing22,current-main-map-anchor,false,false,
79043b9ceff6fb5418d176944cc587e2,SystemWaypoint,Location_BloodmoonPortal01_Waypoint,current-main-map-anchor,false,false,
791b15ed0df29a444928dd4669740126,Waypoint,Location_Chapter01Crossing04,current-main-map-anchor,false,false,
7928195d943b1de46aec5cf8cb4813be,Location,Location_ResourceMagicalPlace01,current-main-map-anchor,false,false,
7956f3496bca27149be9bf34427c9a56,Location,Location_LandmarkLakeSilverstep,absent-current-main-map,false,false,
795bbce7d87b0764ba7aeb0c574d1332,Waypoint,Location_VH_DLC2_Waypoint05,absent-current-main-map,false,false,
799701eb4f25dcf418c72d9b53f9e5c7,Waypoint,Location_CH06Crossing05,current-main-map-anchor,false,false,
79b4d6e44c323c84e940aa9dfeca66c9,Waypoint,Location_CH04Crossing22,current-main-map-anchor,false,false,
79c0635ead3d127408472eba12366732,Location,Location_GMBE_HemlockIsland,current-main-map-anchor,false,true,
7a27e175ef8cbbd499fb5cd34298e9ff,Waypoint,Location_CH06Crossing03,current-main-map-anchor,false,false,
7a6539384ccd6ef4b917be9b15ef0bff,Waypoint,Location_CH04Crossing64,current-main-map-anchor,false,false,
7c98f68359d68e54bb8e363df02a6a8e,SystemWaypoint,Location_HarrimQ2_ShieldKeep_Waypoint,current-main-map-anchor,false,false,
7c999d4aeba566c47bd338a7f400e9ef,SystemWaypoint,Location_ForFog_Waypoint,current-main-map-anchor,false,false,
7cacd1e7c561bfd48ba2db9a9e8f20cd,SystemWaypoint,Location_GMBEGoblinParty_Waypoint,current-main-map-anchor,false,false,
7ccf3dc24f896194dbdad44b331a5157,Waypoint,Location_CH04Crossing12,current-main-map-anchor,false,false,
7cf46dd57271e3148b79df0c750111f5,HiddenLocation,Location_DragonleafGulch,current-main-map-anchor,true,false,
7deea715baae9eb41b5c7670422a2b52,Location,Location_LandmarkCandlemere,absent-current-main-map,false,false,
7e115b750338822458fec5e10252ec33,Location,Location_LandmarkGudrinRiver,absent-current-main-map,false,false,
7ec29bcda03f4444191fcc1256ebfeea,Location,Location_ResourceValuableFruits01,current-main-map-anchor,false,false,
7ec90cad3a45602488f481d912066ad4,HiddenLocation,Location_WerewolfLair,current-main-map-anchor,true,false,
7f05bbcf1d73d3144ac5003d67cc0dea,Waypoint,Location_Chapter01Crossing27,current-main-map-anchor,false,false,
7f1221040a8c0d443b060aa1905159bb,Waypoint,Location_SSCrossing27_Waypoint2,absent-current-main-map,false,false,
7f16a134e32166b468b2f2e8304a0d9d,Waypoint,Location_Chapter01Crossing24,current-main-map-anchor,false,false,
7f5771d38b7c1b84d851b4bc053a146f,Waypoint,Location_CH04Crossing30,current-main-map-anchor,false,false,
7f80755abf9b7264489177d01a84384b,Waypoint,Location_CH05Crossing13,current-main-map-anchor,false,false,
7fa807b06338ed34ab854eb5d78405d5,HiddenLocation,Location_TechnicLeagueEncampment,current-main-map-anchor,false,false,Kingmaker.Globalmap.Blueprints.LocationRestriction
7fae839dbb363674db3e19382b8f87e7,SystemWaypoint,Location_SheylynCathedral_Waypoint,current-main-map-anchor,false,false,
7fe5346ea6f1b1d4babbbd9366d5fee1,Waypoint,Location_CH04Crossing19,current-main-map-anchor,false,false,
7ffbc46cac6d8ec42b626ca3cc711063,Waypoint,Location_Chapter01Crossing32,current-main-map-anchor,false,false,
80597e6af70da9c498da1a6c365f084c,Waypoint,Location_Crossing31,current-main-map-anchor,false,false,
80ae8f6a8d9324148b870d3a2d65d779,Waypoint,Location_SSCrossing14_Waypoint,current-main-map-anchor,false,false,
81407be94ae769143b07b8ea8d81b122,Waypoint,Location_CH04Crossing14,current-main-map-anchor,false,false,
814b8309d647ef342aa6c1d0e51dd33a,Waypoint,Location_CH05Crossing17,current-main-map-anchor,false,false,
8174f2abf9cf14643b406df4689cdc8e,SystemWaypoint,Location_BlakemoorHideout_Waypoint,current-main-map-anchor,false,false,
81d129d2bb233c046bc324cb7adc4ead,Waypoint,Location_Chapter01Crossing28,current-main-map-anchor,false,false,
81f707535d5a71e4cba74ab72d30c069,Location,Location_GnomeExplorers,current-main-map-anchor,true,false,
8370e38cbe23a3e4f9b0c056aa441dd7,HiddenLocation,Location_AdventurerCamp,absent-current-main-map,true,false,
8432abcfdecae9f499d4aaffce755beb,Waypoint,Location_CH05Crossing01,current-main-map-anchor,false,false,
846cc296f16522b47b5540f696af4b72,Waypoint,Location_CH04Crossing15,current-main-map-anchor,false,false,
849d7638715c8c54190bbd2835ca9ea5,SystemWaypoint,Location_ManticoreLair_Waypoint,current-main-map-anchor,false,false,
84d2e8ae79494d849b4bb65cbf42598b,Location,Location_ResourceMagicalPlace01,current-main-map-anchor,false,false,
85739229913c28e4dbd571fda23e097a,Waypoint,Location_VHCrossing04_Waypoint,current-main-map-anchor,false,false,
85a0dd83188700840b320d0290af152a,SystemWaypoint,Location_LizardfolkEast_Waypoint,current-main-map-anchor,false,false,
86d76e515ac76934cafb2978fff3a53f,Waypoint,Location_Crossing37,current-main-map-anchor,false,false,
897babb29661842439262cfb544abe7a,SystemWaypoint,Location_LoneCyclopCave_Waypoint,current-main-map-anchor,false,false,
89bc83fae026c3747929e15a8076ef65,Waypoint,Location_CapitalCrossing01,current-main-map-anchor,false,false,
8a219e0969772c54d9e7b87f72bc2918,SystemWaypoint,Location_BloodFurrows_Waypoint,current-main-map-anchor,false,false,
8a9100d504ea2f64da0dd14a6a1bc39f,HiddenLocation,Location_SpiderLair,current-main-map-anchor,true,false,
8b0575919787cc1408d3bd959f2b0cd3,Location,Location_ResourceGoldMine01,current-main-map-anchor,false,false,
8b8365e659235e5428e7495c2599fd6b,Waypoint,Location_Crossing18_Waypoint,current-main-map-anchor,false,false,
8baa559c079d59e479427c3855a10358,SystemWaypoint,Location_SystemWaypoint7,absent-current-main-map,false,false,
8beafb7795bd69b45893a0ac651ecceb,Location,Location_LandmarkLittleSellenRiver,absent-current-main-map,false,false,
8c6f87ad0a47ef14092c07e105cc4597,Waypoint,Location_Chapter01Crossing23,current-main-map-anchor,false,false,
8d447fdfc47168a44ae0c1b04d83e67e,SystemWaypoint,Location_SystemWaypoint9,absent-current-main-map,false,false,
8d8084f62ff102e488eccfb8f394f019,Waypoint,Location_Chapter01Crossing40,current-main-map-anchor,false,false,
8f0fd35e2b33b5d45869c8720090c305,Waypoint,Location_CH04Crossing66,current-main-map-anchor,false,false,
8f497f0ac98cc5041afc486d7a939fa9,Waypoint,Location_CH05Crossing14,current-main-map-anchor,false,false,
8fb0a44bacf5d28449fa8236e937d1c7,Location,Location_LandmarkDireNarlmarches,absent-current-main-map,false,false,
8fdcdd17d898cb74990761ec81ff6cd3,Waypoint,Location_CH04Crossing16,current-main-map-anchor,false,false,
90186ae331dc2524a89a2518fc143422,SystemWaypoint,Location_BarbarianMainCamp_Waypoint,current-main-map-anchor,false,false,
90d5f91192c08f94cba0662818cd7aa9,Waypoint,Location_CH05Crossing28,current-main-map-anchor,false,false,
910562c7fc10b284dbdec1e8bfe41393,Location,Location_WhiteroseDungeon,current-main-map-anchor,true,false,
911479bc9b13f744a8c306cc8688ad88,Location,Location_BlackstonesFord_DLC2,absent-current-main-map,true,false,
920c29652c89d0c498d84610517464d0,Location,Location_GMBERuinedTowerClimb,current-main-map-anchor,false,true,
93f43483b8802da47aadf4fb2e6527fa,HiddenLocation,Location_ValleyOfTheDead,current-main-map-anchor,true,false,Kingmaker.Globalmap.Blueprints.LocationRestriction
941fc794930ec6640babd9c1523babfc,Location,Location_PitaxHorde,current-main-map-anchor,true,false,
94918f9836da69746a1ae5b7368fedec,Waypoint,Location_Chapter01Crossing26,current-main-map-anchor,false,false,
94c1e4dce1cede248a62f1977946dbab,Waypoint,Location_Chapter01Crossing19,current-main-map-anchor,false,false,
94c36c963a13fc849bc8bd3cf48e7af0,Location,Location_ResourceDefence01,current-main-map-anchor,false,false,
95090be4bf1ae604aa30b2b252263900,Waypoint,Location_Waypoint2,current-main-map-anchor,false,false,
9529168319f68fb469c265fef79eefb3,Waypoint,Location_VarnholdCrossing,current-main-map-anchor,false,false,
953e3831ecc965e47b6c2e7445847a12,Waypoint,Location_CH05Crossing10,current-main-map-anchor,false,false,
9562bcfae1d0d7946bb8b81a66dc3d40,Location,Location_IronstoneGully,current-main-map-anchor,true,false,
956bc6a2c8dcff7499d0de7dd99974bb,Waypoint,Location_Crossing35,current-main-map-anchor,false,false,
95cca9eed40ce2a4481a5bb3c361f5d7,Landmark,Location_MapTextLandmark9,absent-current-main-map,false,false,
962ff2ba11cf90243937039eb5d3bd9b,Location,Location_FeyPranksters,current-main-map-anchor,true,false,
964bbf51dd7bdf048bccbd603bd011da,SystemWaypoint,Location_DevourerLair_Waypoint,current-main-map-anchor,false,false,
967b8999e00b74642a41ac7459f9bc7c,SystemWaypoint,Location_FeyPranksters_Waypoint,current-main-map-anchor,false,false,
96b5b95fe31201b4883b778375211488,HiddenLocation,Location_ShamblingmoundLair,current-main-map-anchor,true,false,
971e9e284632bba41b89401ede0928c9,HiddenLocation,Location_HydraLair,current-main-map-anchor,true,false,
97493c52caf5dab43b0536f46d1b7968,SystemWaypoint,Location_CastleOfKnives_Waypoint,current-main-map-anchor,false,false,
9766b53e07ab12146a674b78b7cb0163,SystemWaypoint,Location_VH_DLC2_SystemWaypoint_Fake04,absent-current-main-map,false,false,
979cafc6057ca384c9af6d70f7378463,SystemWaypoint,Location_AstradaemonLair_Waypoint,current-main-map-anchor,false,false,
97c4eaa98939d7d46855400d82d972b3,SystemWaypoint,Location_HemlockIsland_Waypoint,current-main-map-anchor,false,false,
982a2f903ab34d24f85f124f432a5450,HiddenLocation,Location_JaethalQ1_ThornRiver,current-main-map-anchor,true,false,Kingmaker.Globalmap.Blueprints.LocationRestriction
98ec4814ba971f34eac352dd211141b9,Location,Location_LandmarkCrookedRiver,absent-current-main-map,false,false,
990b74b3679d7414788f4ef95423eb0d,HiddenLocation,Location_HE2_CR_RangersCamp,current-main-map-anchor,true,false,
994daeb0ce6bc6146ae24531c053c6ad,SystemWaypoint,Location_SilverstepGrove_Waypoint,current-main-map-anchor,false,false,
9a2a02877c0b899458678de1e5bb13b3,HiddenLocation,Location_KamelandsSafari,current-main-map-anchor,true,false,
9b00acc0cca728348aa9c0411385a5fc,Waypoint,Location_VHCrossing01_Waypoint,current-main-map-anchor,false,false,
9bc45ae766ab0ed42b363733439832bb,Location,Location_SixBearsCampNew,current-main-map-anchor,true,false,Kingmaker.Globalmap.Blueprints.LocationRestriction
9ca0f8668fa942c478e9d1ac2374c1af,SystemWaypoint,Location_LoneCyclopRampage_Waypoint,current-main-map-anchor,false,false,
9cdf64727df553141be9ad5111287db0,Waypoint,Location_Crossing27_Waypoint,current-main-map-anchor,false,false,
9dac89d08b66b4242a0f057013e28178,Waypoint,Location_VH_DLC2_Waypoint07,absent-current-main-map,false,false,
9df52751cd6ea1b4385a59b13176186c,Waypoint,Location_Chapter02Crossing09,current-main-map-anchor,false,false,
9e427758f575f8345809160d0babef63,SystemWaypoint,Location_DarkerThanBlack_Waypoint,current-main-map-anchor,false,false,
9e9dceea898996f4c946574868cce9e8,SystemWaypoint,Location_ToKamelandsSafariLodge2_Waypoint,current-main-map-anchor,false,false,
9ea7b293f5cea464a8ac3c1bc6fb15ce,Waypoint,Location_Chapter01Crossing56,current-main-map-anchor,false,false,
9f286dede69c2834887bf20e5f727eee,Waypoint,Location_HodagLair_Crossroads,absent-current-main-map,false,false,
a0cce55ad144aa040bf17cb6b6d9e064,SystemWaypoint,Location_TaldanMine_Waypoint,absent-current-main-map,false,false,
a0cf4d07dba17c740b77d2626e5e27cd,Waypoint,Location_Crossing34,current-main-map-anchor,false,false,
a0d59e9e2e6f2b744864499e13969768,Location,Location_GMBEGoblinParty,current-main-map-anchor,false,true,
a0da69ada4774e64ca4c8ac76d113423,Location,Location_LandmarkMurqueRiver,absent-current-main-map,false,false,
a14a5b802e97b4a4680120888046662e,SystemWaypoint,Location_HydraLair_Waypoint,current-main-map-anchor,false,false,
a18f99e65feec434e92d83b9bc9d5d6c,HiddenLocation,Location_BloodmoonPortal,current-main-map-anchor,true,false,
a1b1227272538124585649dfb9391cf4,Waypoint,Location_Chapter01Crossing33,current-main-map-anchor,false,false,
a1f8bfb40b05e0349b47a80315e1838c,SystemWaypoint,Location_BloodmoonPortal02_Waypoint,current-main-map-anchor,false,false,
a2390593cc1584f4cbdf3fca10a9a064,Waypoint,Location_Chapter01Crossing47,current-main-map-anchor,false,false,
a29b648a36fe8454faae46ef7f9b53d6,SystemWaypoint,Location_SystemWaypoint3,current-main-map-anchor,false,false,
a2c719797c861e84d830982f0493426b,Waypoint,Location_CH04Crossing68,current-main-map-anchor,false,false,
a3a489d5d84b3314db61ccf2a0328a9b,Waypoint,Location_TOLCrossing09_Waypoint,current-main-map-anchor,false,false,
a3cd2bd0a59751c46b9e63a3f552dddb,HiddenLocation,Location_ZombieLair,current-main-map-anchor,true,false,
a4bba5510cde4154ea1ab5f1c8dbb9b6,Waypoint,Location_VHCrossing09,current-main-map-anchor,false,false,
a51fe260e0283c0408a4626a2d035662,Waypoint,Location_CH06Crossing25,current-main-map-anchor,false,false,
a528fedf95fd91145b7f728ae1f6447c,Waypoint,Location_Chapter02Crossing01,current-main-map-anchor,false,false,
a58fcf789f06f6a49825c882733c144a,Location,Location_LandmarkDunsward,absent-current-main-map,false,false,
a5dc60a606b1fa14d918a8bbe18dc56e,SystemWaypoint,Location_SystemWaypoint1,absent-current-main-map,false,false,
a5f135b774355b54b93c8a684d93bd01,Landmark,Location_OldSycamoreOutdoor,current-main-map-anchor,true,false,
a693c4df17511044f97f7a7b9b07236e,Waypoint,Location_Chapter01Crossing45,current-main-map-anchor,false,false,
a6af7d698b587024994107336c491105,Waypoint,Location_CH05Crossing09,current-main-map-anchor,false,false,
a7670cc0206e0c24c9ff719078324016,Location,Location_LandmarkRunoffCreek,absent-current-main-map,false,false,
a8527cd9632276d4b9e244315f034d7a,Waypoint,Location_CH05Crossing08,current-main-map-anchor,false,false,
a85b90fe2ff018e41b38d960dc7e6418,Waypoint,Location_SouthernCrossroads_Waypoint,current-main-map-anchor,false,false,
a9df9e23fb3356f43941884e09a0c75a,Waypoint,Location_Chapter02Crossing10,current-main-map-anchor,false,false,
aa1d03574bf93de4ba15d28c1fd71145,SystemWaypoint,Location_SSCrossing23_SystemWaypoint,current-main-map-anchor,false,false,
aa9a5478b42f9e243a098dac8e8dfc61,HiddenLocation,Location_HamadryadLair,current-main-map-anchor,true,false,
aada6f44315f3fd469e70461a3691120,Waypoint,Location_CH04Crossing42,current-main-map-anchor,false,false,
aaf88533140c4cd4e881851e781c11ab,SystemWaypoint,Location_NotGlenebonPlains_Waypoint,current-main-map-anchor,false,false,
ab47bb02d5eaf7c43bf48a58903b2407,Landmark,Location_BrevoyBorderlandsOutdoor,current-main-map-anchor,true,false,
ab6037dee0647ef40836e285c0e76afa,Location,Location_TalonPeak,current-main-map-anchor,true,false,
ac21bf836a22a774ea6e65bacdc1c49c,Waypoint,Location_Chapter01Crossing49,current-main-map-anchor,false,false,
ac4279f70f17ea64491c1637a6bfc376,Location,Location_SilverstepGrotto,current-main-map-anchor,true,false,
accd0587ad346ab4fa4ef7084c1c5675,SystemWaypoint,Location_NightmireLair_Waypoint,current-main-map-anchor,false,false,
ad03b3d5a013fd845ab1b0a351894d40,Waypoint,Location_CH04Crossing46,current-main-map-anchor,false,false,
ad7d079be6e438a4eb97188566dba3ca,Waypoint,Location_CH04Crossing36,current-main-map-anchor,false,false,
adfd78eaf7cfec248a9efd018d52bfc2,Waypoint,Location_CH05Crossing37,current-main-map-anchor,false,false,
aeedfcc3552a670489fe8a1066ed3300,Location,Location_LandmarkRedKiravoy,absent-current-main-map,false,false,
af0122780149c814bb180a392f08130b,Landmark,Location_Pitax,current-main-map-anchor,false,false,Kingmaker.Globalmap.Blueprints.LocationRestriction
afdcabf9828d45b49a1858db3c72ecf5,Waypoint,Location_Chapter01Crossing21,current-main-map-anchor,false,false,
b0173b04743fcf54da44e9b6214ad59c,Waypoint,Location_CH05Crossing24,current-main-map-anchor,false,false,
b0238e7f6df6f7643837b26f2ec9af6a,Location,Location_CultistVillage_DLC2,absent-current-main-map,true,false,
b0342c6d4057dbe4dae5e2bf6ca5e113,HiddenLocation,Location_GoblinVillge,current-main-map-anchor,true,false,
b03baadaec449d2469f66968f33765a0,Waypoint,Location_CH05Crossing46,current-main-map-anchor,false,false,
b06b3259f33a5f044ae0daf50f3fec15,SystemWaypoint,Location_WolfLair_Waypoint,current-main-map-anchor,false,false,
b0fc6512b337a0a439168538006235e7,HiddenLocation,Location_JubilostDebates,current-main-map-anchor,true,false,Kingmaker.Globalmap.Blueprints.LocationRestriction
b1874e2a3a50ba94a86e5c5491420a10,Waypoint,Location_SSCrossing25_Waypoint,current-main-map-anchor,false,false,
b1ceab53ebcd3f8489cf2456b39f54e0,Location,Location_ResourceAncientRuins01,current-main-map-anchor,false,false,
b2067f416a54d9c4a9bbfb662cd70853,Location,Location_LandmarkThornRiver,absent-current-main-map,false,false,
b23d738f6ac5e22438cd96ecba1f6fd0,SystemWaypoint,Location_RestovRoad_Waypoint1,current-main-map-anchor,false,false,
b29c98b0b5bdfa8409c99842a69acd3e,Waypoint,Location_VHCrossing10,current-main-map-anchor,false,false,
b2a2fad049f396046b5db05b491c224f,Waypoint,Location_CH04Crossing25,current-main-map-anchor,false,false,
b352f3df5aac18541b7f870203986902,HiddenLocation,Location_NaturesWrath,current-main-map-anchor,true,false,
b373229f4ec28ab4f888209e36c3849f,Waypoint,Location_Crossing25K_Waypoint,current-main-map-anchor,false,false,
b3b76f01a5fac3247aee9c89af7cfc1b,Waypoint,Location_Chapter01Crossing34,current-main-map-anchor,false,false,
b4172d084bac7104e90757d93de1884b,Waypoint,Location_Chapter01Crossing16,current-main-map-anchor,false,false,
b445413c62f8b8741851d10028056f1e,Waypoint,Location_VHCrossing03_Waypoint,current-main-map-anchor,false,false,
b46a4cf980bc74a41985c654045e409e,Waypoint,Location_CH04Crossing07_Waypoint,current-main-map-anchor,false,false,
b4d9625abcf54ef4cbaeb0c3b0eecc1b,Waypoint,Location_CH06Crossing09,current-main-map-anchor,false,false,
b6a7f390969ca744ba839913eee1251d,SystemWaypoint,Location_JaethalQ3_ElvesCamp_Waypoint,current-main-map-anchor,false,false,
b6b2727f07bd9f34b9c9d5fe5e31e38e,SystemWaypoint,Location_Nameless01_Waypoint,current-main-map-anchor,false,false,
b6c0c40d3ec2572469eb4ed58279bb54,Landmark,Location_MapTextLandmark_Tuskwater,absent-current-main-map,false,false,
b6fb8af255d8719439f08b013529d35e,SystemWaypoint,Location_RegQ3_SharpFangsCamp_Waypoint,absent-current-main-map,false,false,
b78220bfcf6d25145a808aa1f1f7eee8,Waypoint,Location_CH04Crossing40,current-main-map-anchor,false,false,
b788892b7cd71e94594ab17d3ad97598,Landmark,Location_BigOutdoor,current-main-map-anchor,true,false,
b7b0a2a6e9772024db8c28863ef41bcc,Waypoint,Location_DWCrossing05_Waypoint,current-main-map-anchor,false,false,
b7b65abb813c521408789077a0b15d5d,Waypoint,Location_CH04Crossing27,current-main-map-anchor,false,false,
b8c3b7e18d9e748438cb8bb90ed6bbd5,Waypoint,Location_Chapter02Crossing12,current-main-map-anchor,false,false,
b95f423b7d50df54b9782c7637b8c2c5,HiddenLocation,Location_TechnicLeagueHideout,current-main-map-anchor,true,false,Kingmaker.Globalmap.Blueprints.LocationRestriction
b99c1f07bd1ce064795f2e940f1227ca,Waypoint,Location_CH04Crossing02_Waypoint,current-main-map-anchor,false,false,
ba2696eea757c0148a3a4d65fdcfa286,Waypoint,Location_Chapter01Crossing06,current-main-map-anchor,false,false,
ba4859ccd7430e944bf2d5efa345f7c8,Waypoint,Location_SSCrossing29_Waypoint,current-main-map-anchor,false,false,
ba72877c0299e2941b18a25f149a1689,Waypoint,Location_Chapter01Crossing25,current-main-map-anchor,false,false,
ba743bf3540e3084aa93d0622de16f62,SystemWaypoint,Location_VH_DLC2_SystemWaypoint_Fake06,absent-current-main-map,false,false,
ba84520fea23b18489092036e7f6d938,SystemWaypoint,Location_TalonPeak_Waypoint,current-main-map-anchor,false,false,
bac123a6dc8928348aa9265d7cbf4a18,Waypoint,Location_VHCrossing06_Waypoint,current-main-map-anchor,false,false,
badf9282d520009428984a28f2ada88a,HiddenLocation,Location_DungeonStartHub,current-main-map-anchor,true,false,
bb100fdf8aaa56e4183413a8414a38da,HiddenLocation,Location_SilverstepGrove,current-main-map-anchor,true,false,
bb1c4e4ef63bd1b429ecda6ab5829b28,HiddenLocation,Location_RedcapLair,current-main-map-anchor,true,false,
bbb65cefe76303e48a1d03d5108dcc3a,SystemWaypoint,Location_VH_DLC2_SystemWaypoint_Fake05,absent-current-main-map,false,false,
bc9034aab51c2e34782adb59ef0f758f,HiddenLocation,Location_ColdDiplomacy,current-main-map-anchor,true,false,
bce56828633b6a347971b82f6e4d44de,Waypoint,Location_CH04Crossing04_Waypoint,current-main-map-anchor,false,false,
bd27fd03a9e4ba34498482d1909bbd21,SystemWaypoint,Location_AdventurerCamp_Waypoint,current-main-map-anchor,false,false,
bd45102897889c642af4459c464d231c,Waypoint,Location_CH04Crossing23,current-main-map-anchor,false,false,
bd6534004411da54ead667a62b03f068,Waypoint,Location_CH05Crossing34,current-main-map-anchor,false,false,
bdd197f01e461d949ab760eac85600a2,HiddenLocation,Location_SmilodonLair,current-main-map-anchor,true,false,
bde338798d695d843b81d49b90e144c2,Waypoint,Location_TOLCrossing02_Waypoint,current-main-map-anchor,false,false,
bdfc0899283b54548b01154ab6aa72ab,Location,Location_ResourceAncientRuins01,current-main-map-anchor,false,false,
bdfc8d474c5e0d74281b1377ad3f65f7,Waypoint,Location_CH05Crossing39,current-main-map-anchor,false,false,
be3097534036201458f4169d43158d10,Waypoint,Location_TOLCrossing10,current-main-map-anchor,false,false,
bf747754c843d3a4ebc2486e4045d427,Waypoint,Location_CH04Crossing60,current-main-map-anchor,false,false,
bfb8921fb50841a4e9b1b1a64459ed7c,SystemWaypoint,Location_DragonleafGulch_Waypoint,absent-current-main-map,false,false,
c005ad10be9821c44af2e70bfa87d160,SystemWaypoint,Location_LeopardLair_Waypoint,current-main-map-anchor,false,false,
c05ed900a2db2a7468e5c258cb9bb4d2,HiddenLocation,Location_VarisianCaravan,current-main-map-anchor,true,false,Kingmaker.Globalmap.Blueprints.LocationRestriction
c0785990baca41f4c93144ca30f9b8bc,Waypoint,Location_CH05Crossing11,current-main-map-anchor,false,false,
c078c0e4f7cefec449c6b7b22f2b870f,Waypoint,Location_CH04Crossing28,current-main-map-anchor,false,false,
c09910bd159ef104dac27a8ddff7e4ab,Location,Location_AbandonedKeepOutdoor,current-main-map-anchor,true,false,
c10143a6f85f2ed4eb5ae143e5fb3de4,Location,Location_ResourseGemMine01,current-main-map-anchor,false,false,
c1cda1304277da7499d1bd9615aadfac,Location,Location_GMBE_ExplorersGrave,current-main-map-anchor,false,true,
c215b02b757f76a4c849f7cf2a001f11,Waypoint,Location_Crossing28_Waypoint2,current-main-map-anchor,false,false,
c2925bf5a5a9247458272a714602bfdd,Waypoint,Location_Chapter01Crossing53,current-main-map-anchor,false,false,
c2d4723800cfe9f4496c665b2ae91e41,HiddenLocation,Location_Artisan_Alchemist_Wererats,current-main-map-anchor,true,false,Kingmaker.Globalmap.Blueprints.LocationRestriction
c2e76d25073c8304fb7485c17992a3c0,Waypoint,Location_CH06Crossing08,current-main-map-anchor,false,false,
c3a6248adf9c4e94d9693d4bca97265a,Waypoint,Location_Chapter01Crossing31,current-main-map-anchor,false,false,
c45357d318471994b9ad23e11c904dd0,Location,Location_GhostStone,current-main-map-anchor,true,false,
c5001801e37b7aa438450067cf82551a,HiddenLocation,Location_PoachersCamp,current-main-map-anchor,true,false,Kingmaker.Globalmap.Blueprints.LocationRestriction
c57c3b1a90d98014cba51bf1fd1bebc4,Waypoint,Location_SSCrossing17_Waypoint,current-main-map-anchor,false,false,
c5e309c5ba3f39847ac60a1a8be0b778,Location,Location_DunswardOutdoor_DLC2,absent-current-main-map,true,false,
c61e13d3478baab46b56a390d4ba88c1,Waypoint,Location_Chapter01Crossing30,current-main-map-anchor,false,false,
c61e32a42e9046f49ba8fe243612dedc,SystemWaypoint,Location_VH_DLC2_SystemWaypoint_Fake11,absent-current-main-map,false,false,
c6535072f81187441833e27e272af1a4,Waypoint,Location_ThornShrikeCrossing_Waypoint2,current-main-map-anchor,false,false,
c6c5ea67a029bf847894e0279634602b,Waypoint,Location_CH04Crossing11_Waypoint,current-main-map-anchor,false,false,
c71a59a151288ee45a3530648d6c8a6a,Waypoint,Location_CH05Crossing21,current-main-map-anchor,false,false,
c7706c5ff998de0439d33dfca4ae4160,Waypoint,Location_CH04Crossing09_Waypoint,current-main-map-anchor,false,false,
c78135a6bbf5c164b87b06c31500fdbe,Waypoint,Location_Chapter01Crossing51,current-main-map-anchor,false,false,
c7b71be057dfb704591870fcb99c2542,SystemWaypoint,Location_WolfsLair_WaypointW,absent-current-main-map,false,false,
c8039d0955b6c894e979f11ffce5f227,Waypoint,Location_CH05Crossing04,current-main-map-anchor,false,false,
c88309d0db0309d43a1abc6490b70f86,Waypoint,Location_Chapter01Crossing01,current-main-map-anchor,false,false,
c8cf7887a00a0d44bbd37b683a926a50,SystemWaypoint,Location_TuskguttersLair_Waypoint,absent-current-main-map,false,false,
c8db32efb59ae6b46ba2c921d81fa2e4,SystemWaypoint,Location_VH_DLC2_SystemWaypoint_Fake10,absent-current-main-map,false,false,
c8fc938310cfb9f4fa5a8d4c7b96ead7,Location,Location_RushlightFestival,current-main-map-anchor,true,false,
c9a92be42b49c644a9bd601608ebb1a7,SystemWaypoint,Location_VarisianCaravan_Waypoint,current-main-map-anchor,false,false,
c9dda2406f21bdf418faff36414d6fb3,Landmark,Location_MapTextLandmark_Narlmarches,absent-current-main-map,false,false,
c9e4caa7810fa6d47a4b4469cabd97a3,SystemWaypoint,Location_IllthuliaksLair_Waypoint,current-main-map-anchor,false,false,
c9f1852b8fe12884cb7dc88ae213fd7a,SystemWaypoint,Location_Littletown2_Waypoint,current-main-map-anchor,false,false,
ca167c3727821c54d8189960a86ebad7,SystemWaypoint,Location_GMBERuinedTowerClimb01_Waypoint,current-main-map-anchor,false,false,
ca20645f3ef31874f8a35f8052211681,HiddenLocation,Location_Puzzle05,current-main-map-anchor,true,false,
ca63481eeb553eb46ab275569ea9e237,SystemWaypoint,Location_Littletown1_Waypoint,current-main-map-anchor,false,false,
ca8d6622a5ca67744a74e26f7d522f50,HiddenLocation,Location_AthachLair,current-main-map-anchor,true,false,
ca98f261bf837c04a8ef01eec7e835ce,Waypoint,Location_CH06Crossing12,current-main-map-anchor,false,false,
cb0f7cf1e422d6e459fe3c4525026abd,Waypoint,Location_Crossing35_Waypoint,current-main-map-anchor,false,false,
cb31b12c285f11442b41c38f866cac24,Waypoint,Location_CH04Crossing67,current-main-map-anchor,false,false,
cb82921b3bbd6c24a86476bbfd6adc0f,Waypoint,Location_CH04Crossing50,current-main-map-anchor,false,false,
cb9b2baa8c2c00a49934291fcaac2362,Waypoint,Location_CH04Crossing03_Waypoint,current-main-map-anchor,false,false,
cbbe0370448922f4aa2b770a6f338178,Location,Location_SixBearsCamp,current-main-map-anchor,true,false,Kingmaker.Globalmap.Blueprints.LocationRestriction
cc4c94689e447df438895f07a54ec02a,Waypoint,Location_CH04Crossing21,current-main-map-anchor,false,false,
cccd2c857c34cd142b2d7f18456182df,Location,Location_LandmarkKiravoyRiver,absent-current-main-map,false,false,
ccf6778060816ad4d8bf6768ccd65b8e,Landmark,Location_KamelandsOutdoor,current-main-map-anchor,true,false,
cd7aba43e39d5d1438bf563e8c9341d8,Waypoint,Location_SSCrossing19_Waypoint,current-main-map-anchor,false,false,
ce7b30bc9192c2f4db45cde242c29731,SystemWaypoint,Location_GiantSlugLair_Waypoint,current-main-map-anchor,false,false,
cf1a8a11ddeae9e4d8c3e1158310a6fc,Waypoint,Location_CH05Crossing31,current-main-map-anchor,false,false,
cf285a2bec7bcd74ab4c070b3b351de6,Waypoint,Location_Chapter02Crossing16,current-main-map-anchor,false,false,
cf881f67c3766d7408edf2dd37373cf4,Location,Location_ResourceIronMine02,current-main-map-anchor,false,false,
cfe5ea6109ef2ac40b3f97e57a88e700,Waypoint,Location_Chapter01Crossing35,current-main-map-anchor,false,false,
cfee8c414a36d874c994fd16b2118099,SystemWaypoint,Location_KingdomOfTheCleansed_Waypoint,current-main-map-anchor,false,false,
d018d028e0f67d048a1db51ce40e1cdb,HiddenLocation,Location_DryadLair,current-main-map-anchor,true,false,
d0ff53ce96edd2a4e906a74111ee30a7,Location,Location_RiverPirateCamp,current-main-map-anchor,true,false,Kingmaker.Globalmap.Blueprints.LocationRestriction
d208960a258a3af478277da43d903f6d,Waypoint,Location_CH05Crossing29,current-main-map-anchor,false,false,
d252a9f691676a145ae645ca4f579f12,Waypoint,Location_CH04Crossing54,current-main-map-anchor,false,false,
d27dcdb4a408f7746aa6a67003df9ee5,SystemWaypoint,Location_DunswardOutdoorS_Waypoint,current-main-map-anchor,false,false,
d28459a5f9530ca4cb9e8d0cbfb56548,Waypoint,Location_Crossing24_Waypoint,current-main-map-anchor,false,false,
d36c02c469a262c4ea8b41314e91f237,Landmark,Location_MapTextLandmark_DireNarlmarches,absent-current-main-map,false,false,
d3ced6bc9f82f054d8a2f8698e5f7d4a,SystemWaypoint,Location_Event2_Waypoint,current-main-map-anchor,false,false,
d3f19429e059a8a499522cd9b481914e,Waypoint,Location_CH04Crossing37,current-main-map-anchor,false,false,
d418b5e70fd468342aa853c7a0a00bf0,Waypoint,Location_CH05Crossing42,current-main-map-anchor,false,false,
d42d1973bb5ff9a499cffcf14153607e,Waypoint,Location_CH04Crossing43,current-main-map-anchor,false,false,
d497f7cf63116f24daa323da45ff1f79,Waypoint,Location_Chapter01Crossing37,current-main-map-anchor,false,false,
d4cb56537be2a6f46a3987f0a79e9a86,Waypoint,Location_OldFord2,current-main-map-anchor,false,false,
d56bfd00749827e45aa4c40bf3dd7bf1,Waypoint,Location_Chapter02Crossing04,current-main-map-anchor,false,false,
d57fcb9f61aeb744ca05ffa55f4edeb4,HiddenLocation,Location_Jubilost_Q2,current-main-map-anchor,true,false,Kingmaker.Globalmap.Blueprints.LocationRestriction
d5e5b94cd4c23db488bb5c58253e0e8c,HiddenLocation,Location_GiantSlugLair,current-main-map-anchor,true,false,
d7399a1e712b6f04c862b48299177ed6,SystemWaypoint,Location_HydraDen_Waypoint,current-main-map-anchor,false,false,
d74a76989dd65024c94ad0f080a69c4c,Location,Location_GMBE_BarbarianSearch,current-main-map-anchor,false,true,
d76fce860a6cbca4b910ac7691a19e65,Waypoint,Location_SSCrossing21_Waypoint,current-main-map-anchor,false,false,
d87c8065f1894ec4196b56bb22ab9a72,Waypoint,Location_SSCrossing15_Waypoint,absent-current-main-map,false,false,
d8fc64573134d8646bb9894be18332d4,Waypoint,Location_Chapter01Crossing52,current-main-map-anchor,false,false,
da62d5f93bad3c4448dfd676c564c2ff,Location,Location_GoblinShrines,current-main-map-anchor,true,false,Kingmaker.Globalmap.Blueprints.LocationRestriction
da9f0d1f1d7bccc438b1eeb2efdf328a,Waypoint,Location_DWCrossing03_Waypoint,current-main-map-anchor,false,false,
dabeba1d7cd155947b8f5215c02af473,Waypoint,Location_Chapter01Crossing42,current-main-map-anchor,false,false,
db84d5e303a0e914c8f1cdfb7aca3237,Waypoint,Location_CH04Crossing57,current-main-map-anchor,false,false,
dbd32fbc0b7df944683695f456dcd1e1,SystemWaypoint,Location_Nameless02_Waypoint,current-main-map-anchor,false,false,
dbd9cb4fb1b411b48aac475c1e8ec93a,Waypoint,Location_SSCrossing22_Waypoint,absent-current-main-map,false,false,
dc46d1d3faf1e2b4eb1571ac32edd7d8,Waypoint,Location_Crossing28_Waypoint,current-main-map-anchor,false,false,
dca9051244246314bb95ca9100a15c6d,Location,Location_ResourceMagic01,current-main-map-anchor,false,false,
ddf4a7edc84d4bb4ea837548f94bbb0e,Waypoint,Location_Chapter02Crossing02,current-main-map-anchor,false,false,
de327a145aec6864990019458aab89f4,SystemWaypoint,Location_TechnicLeagueHideout_Waypoint01,current-main-map-anchor,false,false,
deac1dbbecf95e743a1b970346ee714e,Waypoint,Location_CH04Crossing65,current-main-map-anchor,false,false,
df847d187bafba3439446fee7b0619b9,HiddenLocation,Location_DelicateSituation,current-main-map-anchor,true,false,
df99ce852a3d99f41a75504aa880ec78,Waypoint,Location_CH04Crossing35,current-main-map-anchor,false,false,
dfec9438c85e5d4449a0d6191f227272,Waypoint,Location_CH05Crossing32,current-main-map-anchor,false,false,
dff13eef20643ce468d4844b081927db,Waypoint,Location_Chapter01Crossing12,current-main-map-anchor,false,false,
dff9022f3042ea747b8b33d06cd89eb5,Waypoint,Location_ThornCrossing_Waypoint,current-main-map-anchor,false,false,
e013938e17b03a448b2c28e70d56a132,Location,Location_TuskersRiders,current-main-map-anchor,true,false,
e034ced26f899184e86346cb17af9f6e,Waypoint,Location_CH04Crossing48,current-main-map-anchor,false,false,
e0567af89dd156548af20d9b5cfb256c,Waypoint,Location_CH05Crossing27,current-main-map-anchor,false,false,
e10a619e9d099af4485c14bfbfced901,SystemWaypoint,Location_DryadLair_Waypoint,current-main-map-anchor,false,false,
e1260cec9664da047893787bbad62f6f,HiddenLocation,Location_GargoyleLair,current-main-map-anchor,true,false,
e1351cb118bbc384484057ef768fdabd,HiddenLocation,Location_BigBoggardLair,current-main-map-anchor,true,false,
e1edfc64e48a2964c8eb583e36ebd57e,Waypoint,Location_CH05Crossing06,current-main-map-anchor,false,false,
e20f77e1f49165a46b5387da39e2de3c,Waypoint,Location_CH06Crossing16,current-main-map-anchor,false,false,
e21683f530877e342af734b1d5e56762,SystemWaypoint,Location_TuskerRiders_Waypoint,current-main-map-anchor,false,false,
e2532f5a33de5264c819b17d16a40270,Waypoint,Location_Chapter01Crossing48,current-main-map-anchor,false,false,
e29a7640fde60894b90231fbdd2a7d88,HiddenLocation,Location_OnTheEdge,current-main-map-anchor,true,false,
e34700028f9e8e54e824a1718b36dc29,Waypoint,Location_Crossing36,current-main-map-anchor,false,false,
e3ad4abffd8fa3e41969baa83b22c9ed,Location,Location_KingOfTheForest,current-main-map-anchor,true,false,
e3aff48f7eacbce459b3a79df80ad460,SystemWaypoint,Location_WeepingGrove_Waypoint,current-main-map-anchor,false,false,
e3d3bdd64f8b2c948b7efbbe801835d2,HiddenLocation,Location_ShrineOfLamashtu,current-main-map-anchor,true,false,
e3edf8b6987b34444972aae5bfa9d2fe,Location,Location_SheylynCathedral,current-main-map-anchor,true,false,Kingmaker.Designers.EventConditionActionSystem.Events.SummonPoolTrigger;Kingmaker.Designers.EventConditionActionSystem.Events.SummonPoolTrigger;Kingmaker.Designers.EventConditionActionSystem.Events.ActivateTrigger;Kingmaker.Designers.EventConditionActionSystem.Events.DeactivateTrigger;Kingmaker.Globalmap.Blueprints.LocationRestriction
e51c91a84d128504ebc8a5049a3e5ad8,Location,Location_WeepingGrove,current-main-map-anchor,true,false,
e624dd95681014640882c696bb6dcf70,HiddenLocation,Location_LoneCyclopCave,current-main-map-anchor,true,false,
e6ba0da2baa6bdd4a9c92397e7d53efa,Waypoint,Location_KamelandsOutdoorCrossing,current-main-map-anchor,false,false,
e6eebcd62329f934eb728a6a5506ae86,HiddenLocation,Location_KamelandsSafariLodge,current-main-map-anchor,true,false,
e779c63ea50fdb54489185c967d75d5a,Landmark,Location_Varnhold,current-main-map-anchor,true,false,Kingmaker.Globalmap.Blueprints.LocationRestriction
e7a40c857bf50ca42bd0d36e1feda716,Waypoint,Location_CH05Crossing33,current-main-map-anchor,false,false,
e7bb389c333d0db4c845cbb1ba3a4c9e,Waypoint,Location_Chapter01Crossing41,current-main-map-anchor,false,false,
e85c3bbc569dabc4caceed6900e8f10e,HiddenLocation,Location_CapitalRegionLair03,current-main-map-anchor,true,false,
e8898972f915eba4185053c76c67aa2b,Location,Location_ResourceHerbs01,current-main-map-anchor,false,false,
e91e7a499c65a344ba28af60ab90f867,Location,Location_CastleOfKnives,current-main-map-anchor,true,false,
e929000884b47804f9c026c873aaa57b,Location,Location_ThornRiverCamp,current-main-map-anchor,true,false,
e9a05b109698f1647953f475fd5bd23c,Waypoint,Location_Crossing38,current-main-map-anchor,false,false,
eb7a75ed181748e40a72547dcab2bf03,Location,Location_TaldanMine,current-main-map-anchor,true,false,
ebd5c97af7c89634f8b613983930daae,Waypoint,Location_MurqueRiverCrossing_Waypoint,current-main-map-anchor,false,false,
ec309770ce295cd4387c099f7c01b6e4,Waypoint,Location_CH04Crossing55,current-main-map-anchor,false,false,
ece8103217293174e91f68128954c73f,SystemWaypoint,Location_AbandonedKeepOutdoor_Waypoint,absent-current-main-map,false,false,
ed53f5d674e78dc49ae6ff53f5e76f77,Location,Location_ResourseIronMine01,current-main-map-anchor,false,false,
edd2d0d7cadbe484d9fcfec09cb90c3a,Waypoint,Location_CH04Crossing33,current-main-map-anchor,false,false,
ede7444b6914e7543b58793f5e786ed8,HiddenLocation,Location_LeopardLair,current-main-map-anchor,true,false,
ede784ce19e2f3d45a8380cca64e3694,Waypoint,Location_Chapter01Crossing55,current-main-map-anchor,false,false,
ef249bab47378e9499158e18b018ecb8,SystemWaypoint,Location_Artisan_Woodmaster_FeyJokers_Waypoint,current-main-map-anchor,false,false,
efdcf047fdcfaae4481fbee83f0a5299,SystemWaypoint,Location_LinnormsGrave_Waypoint,current-main-map-anchor,false,false,
f036a75e954214d47bacd0b8215fb576,Location,Location_KoboldsOnTheMarch,current-main-map-anchor,true,false,
f094aea16e484f04f96b3576496c7d12,SystemWaypoint,Location_TaldorTower_Waypoint,current-main-map-anchor,false,false,
f119c4942a2f5a7469901cf436590276,Waypoint,Location_CH04Crossing10_Waypoint,current-main-map-anchor,false,false,
f141fba4111e6d141a062d7c7fcbc37f,SystemWaypoint,Location_WolfsLair_WaypointE,current-main-map-anchor,false,false,
f214c3b9089c09b4fb110fbe38df8811,Waypoint,Location_VH_DLC2_Waypoint02,absent-current-main-map,false,false,
f22ba7d557963d9409c7ee4217a7f416,Location,Location_VotD_SE01,absent-current-main-map,false,false,
f258aa8c13d60ed4fa470f32f47f7c97,Location,Location_ResourceDefensiblePosition01,current-main-map-anchor,false,false,
f27a8fdb9d92dfc4fa8b0d896a0ce5fe,HiddenLocation,Location_LizardfolksLair,current-main-map-anchor,true,false,
f27d5a60369c3224e884c84f46978bf2,Waypoint,Location_Chapter01Crossing36,current-main-map-anchor,false,false,
f2c878e95045153489275fa90cf91a17,Location,Location_DireNarlmarches_Village,absent-current-main-map,true,false,
f31e07b23242f8849a8feb734118cc4e,Waypoint,Location_Crossing23,current-main-map-anchor,false,false,
f450e536e69f26045977f217cb6d52d4,Waypoint,Location_CH06Crossing04,current-main-map-anchor,false,false,
f45825688d42f284ab889ed5179ed111,Waypoint,Location_Waypoint1,current-main-map-anchor,false,false,
f4586a08c0d0e854cbbfc704547cc13e,Waypoint,Location_CH04Crossing34,current-main-map-anchor,false,false,
f5263ef164746e94bbb7079575fc1dd2,SystemWaypoint,Location_VH_DLC2_Lair01_SystemWaypoint,absent-current-main-map,false,false,
f55e12b8844ddbe4a998a0631ada0eb7,Waypoint,Location_ThornRiverCampCrossing,current-main-map-anchor,false,false,
f5730ab5d34c3c44e9f096093d7c8ca3,SystemWaypoint,Location_GolemGoldLair_Waypoint,current-main-map-anchor,false,false,
f58fceb7a4dce4c458386293ecb82b6b,Waypoint,Location_VH_DLC2_Waypoint06,absent-current-main-map,false,false,
f6d199e44642f4e43a4bbad758affead,HiddenLocation,Location_LongWait,current-main-map-anchor,false,true,
f6ed6a3eecf825441ab05e9f22590f91,HiddenLocation,Location_SoulEaterLair,current-main-map-anchor,true,false,
f76c9ae87716ac04bb2f03544b11363b,Waypoint,Location_Chapter02Crossing20,current-main-map-anchor,false,false,
f7e60e3cc86a5dc45aa3cff8ff4711f6,SystemWaypoint,Location_VH_DLC2_SystemWaypoint_Fake07,absent-current-main-map,false,false,
f7ee29496ad203d419adf970f8e77591,Location,Location_Glenebon_Village,absent-current-main-map,true,false,
f7f1e78652e783b4f807d0096b7c6437,Waypoint,Location_Chapter01Crossing13,current-main-map-anchor,false,false,
f81c3e965021210478db607b0a90314d,Waypoint,Location_CH04Crossing18,current-main-map-anchor,false,false,
f83de5c382e087b4ab6ce0b7397a2a13,HiddenLocation,Location_Capital,current-main-map-anchor,true,false,
f85d7dcb3b306504386670aa6dca51e8,Waypoint,Location_SSCrossing18_Waypoint,current-main-map-anchor,false,false,
f9a1c1474e4026a4fae7c434f1081ab4,HiddenLocation,Location_Artisan_Woodmaster_FeyJokers,current-main-map-anchor,true,false,Kingmaker.Globalmap.Blueprints.LocationRestriction
fa24b663552f62c43b6a5b57bf721f0c,SystemWaypoint,Location_VH_DLC2_SystemWaypoint_Fake09,absent-current-main-map,false,false,
fb11ed6a5ac0e1143ba8893b445935e4,Location,Location_ResourceGoldMine01,current-main-map-anchor,false,false,
fb6b4f047b7b1dd4aad1e1e8cdc8670e,Waypoint,Location_CH06Crossing22,current-main-map-anchor,false,false,
fb78556d554185941945f1d948b25f2b,Waypoint,Location_Crossing20_Waypoint,current-main-map-anchor,false,false,
fbe759173c4535f4d93d73c9f9e5fd6d,SystemWaypoint,Location_WhiteRose_Waypoint,current-main-map-anchor,false,false,
fbee1e9b1066cad4194befa2befee23f,HiddenLocation,Location_JaethalQ3_ElvesCamp,current-main-map-anchor,true,false,Kingmaker.Globalmap.Blueprints.LocationRestriction
fc172bd6414f0894aa1fc82cbd26aea7,Waypoint,Location_Chapter01Crossing11,current-main-map-anchor,false,false,
fd83af7ea5e7f5648b8c526b3f99a2b4,SystemWaypoint,Location_Puzzle04_Waypoint,current-main-map-anchor,false,false,
fd844f6001cbe944ea26a1254125d8e8,Waypoint,Location_VHCrossing02_Waypoint,current-main-map-anchor,false,false,
fdd0a78d83650f549b13c35019489a60,SystemWaypoint,Location_WorgLair_Waypoint,current-main-map-anchor,false,false,
fe1d29ac03fe2f74f978f3a80a0c718f,Waypoint,Location_ThornCrossing_Waypoint2,current-main-map-anchor,false,false,
fe20c2f967c1fad458a5794e2cb4d166,Waypoint,Location_TOLCrossing05_Waypoint,current-main-map-anchor,false,false,
fe52d85f4cebb0842ba73aecaf1d6163,Waypoint,Location_VH_DLC2_Waypoint08,absent-current-main-map,false,false,
fe6377844402cc34b9b2332ef2f5c89d,Waypoint,Location_Chapter02Crossing05,current-main-map-anchor,false,false,
fe89370edb7284b48ba0b00831c83a0a,Waypoint,Location_RiverFord_Crossroads,current-main-map-anchor,false,false,
fe8e2a4b337bca74297735548c8e26de,Waypoint,Location_Crossing32,current-main-map-anchor,false,false,
fec0b4c3a970232439d0b7366db9b73a,Waypoint,Location_Crossing29_Waypoint,current-main-map-anchor,false,false,
fec906f5068dbd3459207d48de1b8ac6,Landmark,Location_CandlemereTower,current-main-map-anchor,true,false,
ff52023267022de4dab21b23682b68b7,Landmark,Location_SilverstepLakeOutdoor,current-main-map-anchor,true,false,
ffc00404214252f449477c7fa104cf74,Waypoint,Location_Chapter02Crossing19,current-main-map-anchor,false,false,
fffc4c63407b0074a913677e1f3e0537,Waypoint,Location_CH04Crossing49,current-main-map-anchor,false,false,
