stable_id,native_type,has_book_event,native_components,qualification,native_reason,run_id
00afbe29e976df24db85cda2c4c67864,Waypoint,false,,contextual-arrival-and-deferred-invariants-pass,Eligible,20260908T1330037600506Z-cc0ea3d5a53a4123a156a651546ca8c3
01e09d81a12f4094695ff49340af35aa,Landmark,false,,contextual-arrival-and-deferred-invariants-pass,Eligible,20260908T1330037600506Z-cc0ea3d5a53a4123a156a651546ca8c3
047a81eda7998d44c85d71aacb58b916,HiddenLocation,false,,contextual-arrival-and-deferred-invariants-pass,Eligible,20260908T1330037600506Z-cc0ea3d5a53a4123a156a651546ca8c3
05a2671315f05b54dadd1178b1954baf,Location,false,,contextual-arrival-and-deferred-invariants-pass,Eligible,20260908T1330037600506Z-cc0ea3d5a53a4123a156a651546ca8c3
07b9f4001ac3eed4da444c36653c584f,SystemWaypoint,false,,contextual-arrival-and-deferred-invariants-pass,Eligible,20260908T1330037600506Z-cc0ea3d5a53a4123a156a651546ca8c3
0c8c664faf9ce7a4898c5294392ecafb,Location,true,,contextual-arrival-and-deferred-invariants-pass,Eligible,20260908T1330037600506Z-cc0ea3d5a53a4123a156a651546ca8c3
10a59de4c4c95204b9111c6d2c31aae3,HiddenLocation,true,,contextual-arrival-and-deferred-invariants-pass,Eligible,20260908T1330037600506Z-cc0ea3d5a53a4123a156a651546ca8c3
27cb8134be78ad24e9b88c33ebeeef50,Location,true,,contextual-arrival-and-deferred-invariants-pass,Eligible,20260908T1330037600506Z-cc0ea3d5a53a4123a156a651546ca8c3
2b42895e1ef216348a60a3a34d78c404,Location,false,Kingmaker.Globalmap.Blueprints.LocationRadiusBuff,contextual-arrival-and-deferred-invariants-pass,Eligible,20260908T1330037600506Z-cc0ea3d5a53a4123a156a651546ca8c3
36df6d64549c46a448a37d3147b84273,HiddenLocation,false,Kingmaker.Globalmap.Blueprints.LocationRestriction,no-action-native-prohibition-pass,CampaignProhibition,20260908T1330037600506Z-cc0ea3d5a53a4123a156a651546ca8c3
3bbbb60eddc14b6439d1eaa49fbc022b,HiddenLocation,false,Kingmaker.Globalmap.Blueprints.LocationRestriction,no-action-native-prohibition-pass,CampaignProhibition,20260908T1330037600506Z-cc0ea3d5a53a4123a156a651546ca8c3
48875ea76c9d90e4783bdd2a162848f8,HiddenLocation,true,,contextual-arrival-and-deferred-invariants-pass,Eligible,20260908T1330037600506Z-cc0ea3d5a53a4123a156a651546ca8c3
516d524e357fd024d96119a644d3e66b,HiddenLocation,false,Kingmaker.Globalmap.Blueprints.LocationRestriction,no-action-native-prohibition-pass,CampaignProhibition,20260908T1330037600506Z-cc0ea3d5a53a4123a156a651546ca8c3
52ab31e5d77524a439a366c3f2a26b65,HiddenLocation,false,Kingmaker.Globalmap.Blueprints.LocationRestriction,no-action-native-prohibition-pass,CampaignProhibition,20260908T1330037600506Z-cc0ea3d5a53a4123a156a651546ca8c3
6bbfcce58b628734c8096fd14ccb7718,HiddenLocation,false,Kingmaker.Globalmap.Blueprints.LocationRestriction,no-action-native-prohibition-pass,CampaignProhibition,20260908T1330037600506Z-cc0ea3d5a53a4123a156a651546ca8c3
758559f44d15fc844bf30a10a83154d5,Landmark,false,Kingmaker.Globalmap.Blueprints.LocationRestriction,contextual-arrival-and-deferred-invariants-pass,Eligible,20260908T1330037600506Z-cc0ea3d5a53a4123a156a651546ca8c3
79c0635ead3d127408472eba12366732,Location,true,,contextual-arrival-and-deferred-invariants-pass,Eligible,20260908T1330037600506Z-cc0ea3d5a53a4123a156a651546ca8c3
7fa807b06338ed34ab854eb5d78405d5,HiddenLocation,false,Kingmaker.Globalmap.Blueprints.LocationRestriction,no-action-native-prohibition-pass,CampaignProhibition,20260908T1330037600506Z-cc0ea3d5a53a4123a156a651546ca8c3
920c29652c89d0c498d84610517464d0,Location,true,,contextual-arrival-and-deferred-invariants-pass,Eligible,20260908T1330037600506Z-cc0ea3d5a53a4123a156a651546ca8c3
93f43483b8802da47aadf4fb2e6527fa,HiddenLocation,false,Kingmaker.Globalmap.Blueprints.LocationRestriction,contextual-arrival-and-deferred-invariants-pass,Eligible,20260908T1330037600506Z-cc0ea3d5a53a4123a156a651546ca8c3
982a2f903ab34d24f85f124f432a5450,HiddenLocation,false,Kingmaker.Globalmap.Blueprints.LocationRestriction,no-action-native-prohibition-pass,CampaignProhibition,20260908T1330037600506Z-cc0ea3d5a53a4123a156a651546ca8c3
9bc45ae766ab0ed42b363733439832bb,Location,false,Kingmaker.Globalmap.Blueprints.LocationRestriction,no-action-native-prohibition-pass,CampaignProhibition,20260908T1330037600506Z-cc0ea3d5a53a4123a156a651546ca8c3
a0d59e9e2e6f2b744864499e13969768,Location,true,,contextual-arrival-and-deferred-invariants-pass,Eligible,20260908T1330037600506Z-cc0ea3d5a53a4123a156a651546ca8c3
af0122780149c814bb180a392f08130b,Landmark,false,Kingmaker.Globalmap.Blueprints.LocationRestriction,contextual-arrival-and-deferred-invariants-pass,Eligible,20260908T1330037600506Z-cc0ea3d5a53a4123a156a651546ca8c3
b0fc6512b337a0a439168538006235e7,HiddenLocation,false,Kingmaker.Globalmap.Blueprints.LocationRestriction,no-action-native-prohibition-pass,CampaignProhibition,20260908T1330037600506Z-cc0ea3d5a53a4123a156a651546ca8c3
b95f423b7d50df54b9782c7637b8c2c5,HiddenLocation,false,Kingmaker.Globalmap.Blueprints.LocationRestriction,no-action-native-prohibition-pass,CampaignProhibition,20260908T1330037600506Z-cc0ea3d5a53a4123a156a651546ca8c3
c05ed900a2db2a7468e5c258cb9bb4d2,HiddenLocation,false,Kingmaker.Globalmap.Blueprints.LocationRestriction,no-action-native-prohibition-pass,CampaignProhibition,20260908T1330037600506Z-cc0ea3d5a53a4123a156a651546ca8c3
c1cda1304277da7499d1bd9615aadfac,Location,true,,contextual-arrival-and-deferred-invariants-pass,Eligible,20260908T1330037600506Z-cc0ea3d5a53a4123a156a651546ca8c3
c2d4723800cfe9f4496c665b2ae91e41,HiddenLocation,false,Kingmaker.Globalmap.Blueprints.LocationRestriction,no-action-native-prohibition-pass,CampaignProhibition,20260908T1330037600506Z-cc0ea3d5a53a4123a156a651546ca8c3
c5001801e37b7aa438450067cf82551a,HiddenLocation,false,Kingmaker.Globalmap.Blueprints.LocationRestriction,no-action-native-prohibition-pass,CampaignProhibition,20260908T1330037600506Z-cc0ea3d5a53a4123a156a651546ca8c3
cbbe0370448922f4aa2b770a6f338178,Location,false,Kingmaker.Globalmap.Blueprints.LocationRestriction,no-action-native-prohibition-pass,CampaignProhibition,20260908T1330037600506Z-cc0ea3d5a53a4123a156a651546ca8c3
d0ff53ce96edd2a4e906a74111ee30a7,Location,false,Kingmaker.Globalmap.Blueprints.LocationRestriction,no-action-native-prohibition-pass,CampaignProhibition,20260908T1330037600506Z-cc0ea3d5a53a4123a156a651546ca8c3
d57fcb9f61aeb744ca05ffa55f4edeb4,HiddenLocation,false,Kingmaker.Globalmap.Blueprints.LocationRestriction,no-action-native-prohibition-pass,CampaignProhibition,20260908T1330037600506Z-cc0ea3d5a53a4123a156a651546ca8c3
d74a76989dd65024c94ad0f080a69c4c,Location,true,,contextual-arrival-and-deferred-invariants-pass,Eligible,20260908T1330037600506Z-cc0ea3d5a53a4123a156a651546ca8c3
da62d5f93bad3c4448dfd676c564c2ff,Location,false,Kingmaker.Globalmap.Blueprints.LocationRestriction,contextual-arrival-and-deferred-invariants-pass,Eligible,20260908T1330037600506Z-cc0ea3d5a53a4123a156a651546ca8c3
e3edf8b6987b34444972aae5bfa9d2fe,Location,false,Kingmaker.Designers.EventConditionActionSystem.Events.SummonPoolTrigger;Kingmaker.Designers.EventConditionActionSystem.Events.SummonPoolTrigger;Kingmaker.Designers.EventConditionActionSystem.Events.ActivateTrigger;Kingmaker.Designers.EventConditionActionSystem.Events.DeactivateTrigger;Kingmaker.Globalmap.Blueprints.LocationRestriction,no-action-native-prohibition-pass,CampaignProhibition,20260908T1330037600506Z-cc0ea3d5a53a4123a156a651546ca8c3
e779c63ea50fdb54489185c967d75d5a,Landmark,false,Kingmaker.Globalmap.Blueprints.LocationRestriction,contextual-arrival-and-deferred-invariants-pass,Eligible,20260908T1330037600506Z-cc0ea3d5a53a4123a156a651546ca8c3
f6d199e44642f4e43a4bbad758affead,HiddenLocation,true,,contextual-arrival-and-deferred-invariants-pass,Eligible,20260908T1330037600506Z-cc0ea3d5a53a4123a156a651546ca8c3
f83de5c382e087b4ab6ce0b7397a2a13,HiddenLocation,false,,contextual-arrival-and-deferred-invariants-pass,Eligible,20260908T1330037600506Z-cc0ea3d5a53a4123a156a651546ca8c3
f9a1c1474e4026a4fae7c434f1081ab4,HiddenLocation,false,Kingmaker.Globalmap.Blueprints.LocationRestriction,no-action-native-prohibition-pass,CampaignProhibition,20260908T1330037600506Z-cc0ea3d5a53a4123a156a651546ca8c3
fbee1e9b1066cad4194befa2befee23f,HiddenLocation,false,Kingmaker.Globalmap.Blueprints.LocationRestriction,no-action-native-prohibition-pass,CampaignProhibition,20260908T1330037600506Z-cc0ea3d5a53a4123a156a651546ca8c3
